id,season_id,round,position,points,wins
1,1,7,1,30.0,3
2,1,7,2,27.0,3
3,1,7,3,24.0,0
4,1,7,4,13.0,0
5,1,7,5,11.0,0
6,1,7,6,9.0,1
7,1,7,7,6.0,0
8,1,7,8,5.0,0
9,1,7,9,4.0,0
10,1,7,10,4.0,0
11,1,7,11,4.0,0
12,1,7,12,4.0,0
13,1,7,13,3.0,0
14,1,7,14,3.0,0
15,1,7,15,3.0,0
16,1,7,16,3.0,0
17,1,7,17,3.0,0
18,1,7,18,3.0,0
19,1,7,19,2.0,0
20,1,7,20,1.0,0
21,1,7,21,1.0,0
22,1,7,22,1.0,0
23,1,7,,0.0,0
24,1,7,,0.0,0
25,1,7,,0.0,0
26,1,7,,0.0,0
27,1,7,,0.0,0
28,1,7,,0.0,0
29,1,7,,0.0,0
30,1,7,,0.0,0
31,1,7,,0.0,0
32,1,7,,0.0,0
33,1,7,,0.0,0
34,1,7,,0.0,0
35,1,7,,0.0,0
36,1,7,,0.0,0
37,1,7,,0.0,0
38,1,7,,0.0,0
39,1,7,,0.0,0
40,1,7,,0.0,0
41,1,7,,0.0,0
42,1,7,,0.0,0
43,1,7,,0.0,0
44,1,7,,0.0,0
45,1,7,,0.0,0
46,1,7,,0.0,0
47,1,7,,0.0,0
48,1,7,,0.0,0
49,1,7,,0.0,0
50,1,7,,0.0,0
51,1,7,,0.0,0
52,1,7,,0.0,0
53,1,7,,0.0,0
54,1,7,,0.0,0
55,1,7,,0.0,0
56,1,7,,0.0,0
57,1,7,,0.0,0
58,1,7,,0.0,0
59,1,7,,0.0,0
60,1,7,,0.0,0
61,1,7,,0.0,0
62,1,7,,0.0,0
63,1,7,,0.0,0
64,1,7,,0.0,0
65,1,7,,0.0,0
66,1,7,,0.0,0
67,1,7,,0.0,0
68,1,7,,0.0,0
69,1,7,,0.0,0
70,1,7,,0.0,0
71,1,7,,0.0,0
72,1,7,,0.0,0
73,1,7,,0.0,0
74,1,7,,0.0,0
75,1,7,,0.0,0
76,1,7,,0.0,0
77,1,7,,0.0,0
78,1,7,,0.0,0
79,1,7,,0.0,0
80,1,7,,0.0,0
81,1,7,,0.0,0
82,2,8,1,31.0,3
83,2,8,2,25.0,2
84,2,8,3,24.0,1
85,2,8,4,19.0,1
86,2,8,5,15.0,0
87,2,8,6,10.0,0
88,2,8,7,9.0,1
89,2,8,8,7.0,0
90,2,8,9,6.0,0
91,2,8,10,5.0,0
92,2,8,11,4.0,1
93,2,8,12,3.0,0
94,2,8,13,3.0,0
95,2,8,14,3.0,0
96,2,8,15,2.0,0
97,2,8,16,2.0,0
98,2,8,17,2.0,0
99,2,8,18,2.0,0
100,2,8,19,2.0,0
101,2,8,,0.0,0
102,2,8,,0.0,0
103,2,8,,0.0,0
104,2,8,,0.0,0
105,2,8,,0.0,0
106,2,8,,0.0,0
107,2,8,,0.0,0
108,2,8,,0.0,0
109,2,8,,0.0,0
110,2,8,,0.0,0
111,2,8,,0.0,0
112,2,8,,0.0,0
113,2,8,,0.0,0
114,2,8,,0.0,0
115,2,8,,0.0,0
116,2,8,,0.0,0
117,2,8,,0.0,0
118,2,8,,0.0,0
119,2,8,,0.0,0
120,2,8,,0.0,0
121,2,8,,0.0,0
122,2,8,,0.0,0
123,2,8,,0.0,0
124,2,8,,0.0,0
125,2,8,,0.0,0
126,2,8,,0.0,0
127,2,8,,0.0,0
128,2,8,,0.0,0
129,2,8,,0.0,0
130,2,8,,0.0,0
131,2,8,,0.0,0
132,2,8,,0.0,0
133,2,8,,0.0,0
134,2,8,,0.0,0
135,2,8,,0.0,0
136,2,8,,0.0,0
137,2,8,,0.0,0
138,2,8,,0.0,0
139,2,8,,0.0,0
140,2,8,,0.0,0
141,2,8,,0.0,0
142,2,8,,0.0,0
143,2,8,,0.0,0
144,2,8,,0.0,0
145,2,8,,0.0,0
146,2,8,,0.0,0
147,2,8,,0.0,0
148,2,8,,0.0,0
149,2,8,,0.0,0
150,2,8,,0.0,0
151,2,8,,0.0,0
152,2,8,,0.0,0
153,2,8,,0.0,0
154,2,8,,0.0,0
155,2,8,,0.0,0
156,2,8,,0.0,0
157,2,8,,0.0,0
158,2,8,,0.0,0
159,2,8,,0.0,0
160,2,8,,0.0,0
161,2,8,,0.0,0
162,2,8,,0.0,0
163,2,8,,0.0,0
164,2,8,,0.0,0
165,2,8,,0.0,0
166,3,8,1,36.0,6
167,3,8,2,24.0,0
168,3,8,3,22.0,1
169,3,8,4,10.0,0
170,3,8,5,10.0,0
171,3,8,6,9.0,0
172,3,8,7,8.0,1
173,3,8,8,8.0,0
174,3,8,9,6.5,0
175,3,8,10,6.0,0
176,3,8,11,6.0,0
177,3,8,12,4.0,0
178,3,8,13,3.0,0
179,3,8,14,3.0,0
180,3,8,15,3.0,0
181,3,8,16,2.0,0
182,3,8,17,2.0,0
183,3,8,18,2.0,0
184,3,8,19,2.0,0
185,3,8,20,2.0,0
186,3,8,21,2.0,0
187,3,8,22,1.0,0
188,3,8,,0.0,0
189,3,8,,0.0,0
190,3,8,,0.0,0
191,3,8,,0.0,0
192,3,8,,0.0,0
193,3,8,,0.0,0
194,3,8,,0.0,0
195,3,8,,0.0,0
196,3,8,,0.0,0
197,3,8,,0.0,0
198,3,8,,0.0,0
199,3,8,,0.0,0
200,3,8,,0.0,0
201,3,8,,0.0,0
202,3,8,,0.0,0
203,3,8,,0.0,0
204,3,8,,0.0,0
205,3,8,,0.0,0
206,3,8,,0.0,0
207,3,8,,0.0,0
208,3,8,,0.0,0
209,3,8,,0.0,0
210,3,8,,0.0,0
211,3,8,,0.0,0
212,3,8,,0.0,0
213,3,8,,0.0,0
214,3,8,,0.0,0
215,3,8,,0.0,0
216,3,8,,0.0,0
217,3,8,,0.0,0
218,3,8,,0.0,0
219,3,8,,0.0,0
220,3,8,,0.0,0
221,3,8,,0.0,0
222,3,8,,0.0,0
223,3,8,,0.0,0
224,3,8,,0.0,0
225,3,8,,0.0,0
226,3,8,,0.0,0
227,3,8,,0.0,0
228,3,8,,0.0,0
229,3,8,,0.0,0
230,3,8,,0.0,0
231,3,8,,0.0,0
232,3,8,,0.0,0
233,3,8,,0.0,0
234,3,8,,0.0,0
235,3,8,,0.0,0
236,3,8,,0.0,0
237,3,8,,0.0,0
238,3,8,,0.0,0
239,3,8,,0.0,0
240,3,8,,0.0,0
241,3,8,,0.0,0
242,3,8,,0.0,0
243,3,8,,0.0,0
244,3,8,,0.0,0
245,3,8,,0.0,0
246,3,8,,0.0,0
247,3,8,,0.0,0
248,3,8,,0.0,0
249,3,8,,0.0,0
250,3,8,,0.0,0
251,3,8,,0.0,0
252,3,8,,0.0,0
253,3,8,,0.0,0
254,3,8,,0.0,0
255,3,8,,0.0,0
256,3,8,,0.0,0
257,3,8,,0.0,0
258,3,8,,0.0,0
259,3,8,,0.0,0
260,3,8,,0.0,0
261,3,8,,0.0,0
262,3,8,,0.0,0
263,3,8,,0.0,0
264,3,8,,0.0,0
265,3,8,,0.0,0
266,4,9,1,34.5,5
267,4,9,2,28.0,1
268,4,9,3,26.0,1
269,4,9,4,19.0,1
270,4,9,5,17.0,0
271,4,9,6,13.5,0
272,4,9,7,9.0,1
273,4,9,8,7.0,0
274,4,9,9,6.5,0
275,4,9,10,6.0,0
276,4,9,11,4.0,0
277,4,9,12,4.0,0
278,4,9,13,2.0,0
279,4,9,14,2.0,0
280,4,9,15,2.0,0
281,4,9,16,2.0,0
282,4,9,17,2.0,0
283,4,9,18,1.5,0
284,4,9,19,1.5,0
285,4,9,,0.0,0
286,4,9,,0.0,0
287,4,9,,0.0,0
288,4,9,,0.0,0
289,4,9,,0.0,0
290,4,9,,0.0,0
291,4,9,,0.0,0
292,4,9,,0.0,0
293,4,9,,0.0,0
294,4,9,,0.0,0
295,4,9,,0.0,0
296,4,9,,0.0,0
297,4,9,,0.0,0
298,4,9,,0.0,0
299,4,9,,0.0,0
300,4,9,,0.0,0
301,4,9,,0.0,0
302,4,9,,0.0,0
303,4,9,,0.0,0
304,4,9,,0.0,0
305,4,9,,0.0,0
306,4,9,,0.0,0
307,4,9,,0.0,0
308,4,9,,0.0,0
309,4,9,,0.0,0
310,4,9,,0.0,0
311,4,9,,0.0,0
312,4,9,,0.0,0
313,4,9,,0.0,0
314,4,9,,0.0,0
315,4,9,,0.0,0
316,4,9,,0.0,0
317,4,9,,0.0,0
318,4,9,,0.0,0
319,4,9,,0.0,0
320,4,9,,0.0,0
321,4,9,,0.0,0
322,4,9,,0.0,0
323,4,9,,0.0,0
324,4,9,,0.0,0
325,4,9,,0.0,0
326,4,9,,0.0,0
327,4,9,,0.0,0
328,4,9,,0.0,0
329,4,9,,0.0,0
330,4,9,,0.0,0
331,4,9,,0.0,0
332,4,9,,0.0,0
333,4,9,,0.0,0
334,4,9,,0.0,0
335,4,9,,0.0,0
336,4,9,,0.0,0
337,4,9,,0.0,0
338,4,9,,0.0,0
339,4,9,,0.0,0
340,4,9,,0.0,0
341,4,9,,0.0,0
342,4,9,,0.0,0
343,4,9,,0.0,0
344,4,9,,0.0,0
345,4,9,,0.0,0
346,4,9,,0.0,0
347,4,9,,0.0,0
348,4,9,,0.0,0
349,4,9,,0.0,0
350,4,9,,0.0,0
351,4,9,,0.0,0
352,4,9,,0.0,0
353,4,9,,0.0,0
354,4,9,,0.0,0
355,4,9,,0.0,0
356,4,9,,0.0,0
357,4,9,,0.0,0
358,4,9,,0.0,0
359,4,9,,0.0,0
360,4,9,,0.0,0
361,4,9,,0.0,0
362,4,9,,0.0,0
363,4,9,,0.0,0
364,4,9,,0.0,0
365,4,9,,0.0,0
366,5,9,1,42.0,6
367,5,9,2,25.14,1
368,5,9,3,24.64,1
369,5,9,4,17.0,0
370,5,9,5,12.0,0
371,5,9,6,8.0,1
372,5,9,7,8.0,0
373,5,9,8,6.0,0
374,5,9,9,6.0,0
375,5,9,10,6.0,0
376,5,9,11,6.0,0
377,5,9,12,5.0,0
378,5,9,13,4.14,0
379,5,9,14,4.14,0
380,5,9,15,4.0,0
381,5,9,16,4.0,0
382,5,9,17,3.0,0
383,5,9,18,2.0,0
384,5,9,19,2.0,0
385,5,9,20,2.0,0
386,5,9,21,2.0,0
387,5,9,22,2.0,0
388,5,9,23,1.5,0
389,5,9,24,1.5,0
390,5,9,25,1.14,0
391,5,9,26,0.14,0
392,5,9,,0.0,0
393,5,9,,0.0,0
394,5,9,,0.0,0
395,5,9,,0.0,0
396,5,9,,0.0,0
397,5,9,,0.0,0
398,5,9,,0.0,0
399,5,9,,0.0,0
400,5,9,,0.0,0
401,5,9,,0.0,0
402,5,9,,0.0,0
403,5,9,,0.0,0
404,5,9,,0.0,0
405,5,9,,0.0,0
406,5,9,,0.0,0
407,5,9,,0.0,0
408,5,9,,0.0,0
409,5,9,,0.0,0
410,5,9,,0.0,0
411,5,9,,0.0,0
412,5,9,,0.0,0
413,5,9,,0.0,0
414,5,9,,0.0,0
415,5,9,,0.0,0
416,5,9,,0.0,0
417,5,9,,0.0,0
418,5,9,,0.0,0
419,5,9,,0.0,0
420,5,9,,0.0,0
421,5,9,,0.0,0
422,5,9,,0.0,0
423,5,9,,0.0,0
424,5,9,,0.0,0
425,5,9,,0.0,0
426,5,9,,0.0,0
427,5,9,,0.0,0
428,5,9,,0.0,0
429,5,9,,0.0,0
430,5,9,,0.0,0
431,5,9,,0.0,0
432,5,9,,0.0,0
433,5,9,,0.0,0
434,5,9,,0.0,0
435,5,9,,0.0,0
436,5,9,,0.0,0
437,5,9,,0.0,0
438,5,9,,0.0,0
439,5,9,,0.0,0
440,5,9,,0.0,0
441,5,9,,0.0,0
442,5,9,,0.0,0
443,5,9,,0.0,0
444,5,9,,0.0,0
445,5,9,,0.0,0
446,5,9,,0.0,0
447,5,9,,0.0,0
448,5,9,,0.0,0
449,5,9,,0.0,0
450,5,9,,0.0,0
451,5,9,,0.0,0
452,5,9,,0.0,0
453,5,9,,0.0,0
454,5,9,,0.0,0
455,5,9,,0.0,0
456,5,9,,0.0,0
457,5,9,,0.0,0
458,5,9,,0.0,0
459,5,9,,0.0,0
460,5,9,,0.0,0
461,5,9,,0.0,0
462,6,7,1,40.0,4
463,6,7,2,23.0,1
464,6,7,3,12.0,0
465,6,7,4,10.0,1
466,6,7,5,9.0,0
467,6,7,6,9.0,0
468,6,7,7,8.0,1
469,6,7,8,7.0,0
470,6,7,9,6.0,0
471,6,7,10,6.0,0
472,6,7,11,5.0,0
473,6,7,12,4.0,0
474,6,7,13,3.0,0
475,6,7,14,3.0,0
476,6,7,15,3.0,0
477,6,7,16,3.0,0
478,6,7,17,2.0,0
479,6,7,18,2.0,0
480,6,7,19,2.0,0
481,6,7,20,2.0,0
482,6,7,21,1.33,0
483,6,7,22,1.0,0
484,6,7,23,1.0,0
485,6,7,24,1.0,0
486,6,7,25,1.0,0
487,6,7,,0.0,0
488,6,7,,0.0,0
489,6,7,,0.0,0
490,6,7,,0.0,0
491,6,7,,0.0,0
492,6,7,,0.0,0
493,6,7,,0.0,0
494,6,7,,0.0,0
495,6,7,,0.0,0
496,6,7,,0.0,0
497,6,7,,0.0,0
498,6,7,,0.0,0
499,6,7,,0.0,0
500,6,7,,0.0,0
501,6,7,,0.0,0
502,6,7,,0.0,0
503,6,7,,0.0,0
504,6,7,,0.0,0
505,6,7,,0.0,0
506,6,7,,0.0,0
507,6,7,,0.0,0
508,6,7,,0.0,0
509,6,7,,0.0,0
510,6,7,,0.0,0
511,6,7,,0.0,0
512,6,7,,0.0,0
513,6,7,,0.0,0
514,6,7,,0.0,0
515,6,7,,0.0,0
516,6,7,,0.0,0
517,6,7,,0.0,0
518,6,7,,0.0,0
519,6,7,,0.0,0
520,6,7,,0.0,0
521,6,7,,0.0,0
522,6,7,,0.0,0
523,6,7,,0.0,0
524,6,7,,0.0,0
525,6,7,,0.0,0
526,6,7,,0.0,0
527,6,7,,0.0,0
528,6,7,,0.0,0
529,6,7,,0.0,0
530,6,7,,0.0,0
531,6,7,,0.0,0
532,6,7,,0.0,0
533,6,7,,0.0,0
534,6,7,,0.0,0
535,6,7,,0.0,0
536,6,7,,0.0,0
537,6,7,,0.0,0
538,6,7,,0.0,0
539,6,7,,0.0,0
540,6,7,,0.0,0
541,6,7,,0.0,0
542,6,7,,0.0,0
543,6,7,,0.0,0
544,6,7,,0.0,0
545,6,7,,0.0,0
546,7,8,1,30.0,3
547,7,8,2,27.0,2
548,7,8,3,25.0,2
549,7,8,4,22.0,0
550,7,8,5,8.0,1
551,7,8,6,7.5,0
552,7,8,7,6.0,0
553,7,8,8,6.0,0
554,7,8,9,6.0,0
555,7,8,10,5.0,0
556,7,8,11,4.0,1
557,7,8,12,4.0,0
558,7,8,13,4.0,0
559,7,8,14,4.0,0
560,7,8,15,3.0,0
561,7,8,16,3.0,0
562,7,8,17,3.0,0
563,7,8,18,3.0,0
564,7,8,19,2.0,0
565,7,8,20,2.0,0
566,7,8,21,2.0,0
567,7,8,22,2.0,0
568,7,8,23,2.0,0
569,7,8,24,2.0,0
570,7,8,25,1.5,0
571,7,8,26,1.5,0
572,7,8,27,1.0,0
573,7,8,,0.0,0
574,7,8,,0.0,0
575,7,8,,0.0,0
576,7,8,,0.0,0
577,7,8,,0.0,0
578,7,8,,0.0,0
579,7,8,,0.0,0
580,7,8,,0.0,0
581,7,8,,0.0,0
582,7,8,,0.0,0
583,7,8,,0.0,0
584,7,8,,0.0,0
585,7,8,,0.0,0
586,7,8,,0.0,0
587,7,8,,0.0,0
588,7,8,,0.0,0
589,7,8,,0.0,0
590,7,8,,0.0,0
591,7,8,,0.0,0
592,7,8,,0.0,0
593,7,8,,0.0,0
594,7,8,,0.0,0
595,7,8,,0.0,0
596,7,8,,0.0,0
597,7,8,,0.0,0
598,7,8,,0.0,0
599,7,8,,0.0,0
600,7,8,,0.0,0
601,7,8,,0.0,0
602,7,8,,0.0,0
603,7,8,,0.0,0
604,7,8,,0.0,0
605,7,8,,0.0,0
606,7,8,,0.0,0
607,7,8,,0.0,0
608,7,8,,0.0,0
609,7,8,,0.0,0
610,7,8,,0.0,0
611,7,8,,0.0,0
612,7,8,,0.0,0
613,7,8,,0.0,0
614,7,8,,0.0,0
615,7,8,,0.0,0
616,7,8,,0.0,0
617,7,8,,0.0,0
618,7,8,,0.0,0
619,7,8,,0.0,0
620,7,8,,0.0,0
621,7,8,,0.0,0
622,7,8,,0.0,0
623,7,8,,0.0,0
624,7,8,,0.0,0
625,7,8,,0.0,0
626,7,8,,0.0,0
627,7,8,,0.0,0
628,7,8,,0.0,0
629,7,8,,0.0,0
630,7,8,,0.0,0
631,8,8,1,40.0,4
632,8,8,2,25.0,3
633,8,8,3,16.0,0
634,8,8,4,13.0,0
635,8,8,5,11.0,1
636,8,8,6,10.0,0
637,8,8,7,10.0,0
638,8,8,8,8.0,1
639,8,8,9,8.0,0
640,8,8,10,7.0,0
641,8,8,11,6.0,0
642,8,8,12,5.0,0
643,8,8,13,5.0,0
644,8,8,14,4.0,0
645,8,8,15,4.0,0
646,8,8,16,4.0,0
647,8,8,17,3.0,0
648,8,8,18,2.0,0
649,8,8,19,2.0,0
650,8,8,20,1.0,0
651,8,8,21,1.0,0
652,8,8,22,1.0,0
653,8,8,,0.0,0
654,8,8,,0.0,0
655,8,8,,0.0,0
656,8,8,,0.0,0
657,8,8,,0.0,0
658,8,8,,0.0,0
659,8,8,,0.0,0
660,8,8,,0.0,0
661,8,8,,0.0,0
662,8,8,,0.0,0
663,8,8,,0.0,0
664,8,8,,0.0,0
665,8,8,,0.0,0
666,8,8,,0.0,0
667,8,8,,0.0,0
668,8,8,,0.0,0
669,8,8,,0.0,0
670,8,8,,0.0,0
671,8,8,,0.0,0
672,8,8,,0.0,0
673,8,8,,0.0,0
674,8,8,,0.0,0
675,8,8,,0.0,0
676,8,8,,0.0,0
677,8,8,,0.0,0
678,8,8,,0.0,0
679,8,8,,0.0,0
680,8,8,,0.0,0
681,8,8,,0.0,0
682,8,8,,0.0,0
683,8,8,,0.0,0
684,8,8,,0.0,0
685,8,8,,0.0,0
686,8,8,,0.0,0
687,8,8,,0.0,0
688,8,8,,0.0,0
689,8,8,,0.0,0
690,8,8,,0.0,0
691,8,8,,0.0,0
692,8,8,,0.0,0
693,8,8,,0.0,0
694,8,8,,0.0,0
695,8,8,,0.0,0
696,8,8,,0.0,0
697,8,8,,0.0,0
698,8,8,,0.0,0
699,8,8,,0.0,0
700,8,8,,0.0,0
701,8,8,,0.0,0
702,8,8,,0.0,0
703,8,8,,0.0,0
704,8,8,,0.0,0
705,8,8,,0.0,0
706,8,8,,0.0,0
707,9,11,1,42.0,1
708,9,11,2,41.0,4
709,9,11,3,24.0,3
710,9,11,4,15.0,0
711,9,11,5,14.0,1
712,9,11,6,14.0,0
713,9,11,7,12.0,1
714,9,11,8,12.0,0
715,9,11,9,11.0,0
716,9,11,10,9.0,0
717,9,11,11,9.0,0
718,9,11,12,9.0,0
719,9,11,13,8.0,1
720,9,11,14,7.0,0
721,9,11,15,6.0,0
722,9,11,16,4.0,0
723,9,11,17,4.0,0
724,9,11,18,3.0,0
725,9,11,19,3.0,0
726,9,11,20,3.0,0
727,9,11,21,2.0,0
728,9,11,,0.0,0
729,9,11,,0.0,0
730,9,11,,0.0,0
731,9,11,,0.0,0
732,9,11,,0.0,0
733,9,11,,0.0,0
734,9,11,,0.0,0
735,9,11,,0.0,0
736,9,11,,0.0,0
737,9,11,,0.0,0
738,9,11,,0.0,0
739,9,11,,0.0,0
740,9,11,,0.0,0
741,9,11,,0.0,0
742,9,11,,0.0,0
743,9,11,,0.0,0
744,9,11,,0.0,0
745,9,11,,0.0,0
746,9,11,,0.0,0
747,9,11,,0.0,0
748,9,11,,0.0,0
749,9,11,,0.0,0
750,9,11,,0.0,0
751,9,11,,0.0,0
752,9,11,,0.0,0
753,9,11,,0.0,0
754,9,11,,0.0,0
755,9,11,,0.0,0
756,9,11,,0.0,0
757,9,11,,0.0,0
758,9,11,,0.0,0
759,9,11,,0.0,0
760,9,11,,0.0,0
761,9,11,,0.0,0
762,9,11,,0.0,0
763,9,11,,0.0,0
764,9,11,,0.0,0
765,9,11,,0.0,0
766,9,11,,0.0,0
767,9,11,,0.0,0
768,9,11,,0.0,0
769,9,11,,0.0,0
770,9,11,,0.0,0
771,9,11,,0.0,0
772,9,11,,0.0,0
773,9,11,,0.0,0
774,9,11,,0.0,0
775,9,11,,0.0,0
776,9,11,,0.0,0
777,9,11,,0.0,0
778,9,11,,0.0,0
779,9,11,,0.0,0
780,9,11,,0.0,0
781,9,11,,0.0,0
782,9,11,,0.0,0
783,9,11,,0.0,0
784,9,11,,0.0,0
785,9,11,,0.0,0
786,10,9,1,31.0,2
787,10,9,2,27.0,2
788,10,9,3,25.5,2
789,10,9,4,20.0,0
790,10,9,5,19.0,0
791,10,9,6,16.5,1
792,10,9,7,13.0,0
793,10,9,8,10.0,1
794,10,9,9,10.0,0
795,10,9,10,8.0,1
796,10,9,11,6.0,0
797,10,9,12,5.0,0
798,10,9,13,5.0,0
799,10,9,14,5.0,0
800,10,9,15,3.0,0
801,10,9,16,3.0,0
802,10,9,17,2.0,0
803,10,9,18,2.0,0
804,10,9,19,2.0,0
805,10,9,,0.0,0
806,10,9,,0.0,0
807,10,9,,0.0,0
808,10,9,,0.0,0
809,10,9,,0.0,0
810,10,9,,0.0,0
811,10,9,,0.0,0
812,10,9,,0.0,0
813,10,9,,0.0,0
814,10,9,,0.0,0
815,10,9,,0.0,0
816,10,9,,0.0,0
817,10,9,,0.0,0
818,10,9,,0.0,0
819,10,9,,0.0,0
820,10,9,,0.0,0
821,10,9,,0.0,0
822,10,9,,0.0,0
823,10,9,,0.0,0
824,10,9,,0.0,0
825,10,9,,0.0,0
826,10,9,,0.0,0
827,10,9,,0.0,0
828,10,9,,0.0,0
829,10,9,,0.0,0
830,10,9,,0.0,0
831,10,9,,0.0,0
832,10,9,,0.0,0
833,10,9,,0.0,0
834,10,9,,0.0,0
835,10,9,,0.0,0
836,10,9,,0.0,0
837,10,9,,0.0,0
838,10,9,,0.0,0
839,10,9,,0.0,0
840,10,9,,0.0,0
841,10,9,,0.0,0
842,10,9,,0.0,0
843,10,9,,0.0,0
844,10,9,,0.0,0
845,10,9,,0.0,0
846,10,9,,0.0,0
847,10,9,,0.0,0
848,10,9,,0.0,0
849,10,9,,0.0,0
850,10,9,,0.0,0
851,10,9,,0.0,0
852,10,9,,0.0,0
853,10,9,,0.0,0
854,10,9,,0.0,0
855,10,9,,0.0,0
856,10,9,,0.0,0
857,10,9,,0.0,0
858,10,9,,0.0,0
859,10,9,,0.0,0
860,10,9,,0.0,0
861,10,9,,0.0,0
862,11,10,1,43.0,5
863,11,10,2,34.0,1
864,11,10,3,19.0,2
865,11,10,4,18.0,0
866,11,10,5,16.0,1
867,11,10,6,10.0,0
868,11,10,7,10.0,0
869,11,10,8,8.0,1
870,11,10,9,8.0,0
871,11,10,10,8.0,0
872,11,10,11,7.0,0
873,11,10,12,6.0,0
874,11,10,13,6.0,0
875,11,10,14,6.0,0
876,11,10,15,4.0,0
877,11,10,16,4.0,0
878,11,10,17,4.0,0
879,11,10,18,4.0,0
880,11,10,19,3.0,0
881,11,10,20,3.0,0
882,11,10,21,3.0,0
883,11,10,22,3.0,0
884,11,10,23,2.0,0
885,11,10,24,1.0,0
886,11,10,25,1.0,0
887,11,10,26,1.0,0
888,11,10,27,1.0,0
889,11,10,,0.0,0
890,11,10,,0.0,0
891,11,10,,0.0,0
892,11,10,,0.0,0
893,11,10,,0.0,0
894,11,10,,0.0,0
895,11,10,,0.0,0
896,11,10,,0.0,0
897,11,10,,0.0,0
898,11,10,,0.0,0
899,11,10,,0.0,0
900,11,10,,0.0,0
901,11,10,,0.0,0
902,11,10,,0.0,0
903,11,10,,0.0,0
904,11,10,,0.0,0
905,11,10,,0.0,0
906,11,10,,0.0,0
907,11,10,,0.0,0
908,11,10,,0.0,0
909,11,10,,0.0,0
910,11,10,,0.0,0
911,11,10,,0.0,0
912,11,10,,0.0,0
913,11,10,,0.0,0
914,11,10,,0.0,0
915,11,10,,0.0,0
916,11,10,,0.0,0
917,11,10,,0.0,0
918,11,10,,0.0,0
919,11,10,,0.0,0
920,11,10,,0.0,0
921,11,10,,0.0,0
922,11,10,,0.0,0
923,11,10,,0.0,0
924,11,10,,0.0,0
925,11,10,,0.0,0
926,11,10,,0.0,0
927,11,10,,0.0,0
928,11,10,,0.0,0
929,11,10,,0.0,0
930,11,10,,0.0,0
931,11,10,,0.0,0
932,11,10,,0.0,0
933,11,10,,0.0,0
934,11,10,,0.0,0
935,11,10,,0.0,0
936,11,10,,0.0,0
937,11,10,,0.0,0
938,11,10,,0.0,0
939,11,10,,0.0,0
940,11,10,,0.0,0
941,11,10,,0.0,0
942,11,10,,0.0,0
943,11,10,,0.0,0
944,11,10,,0.0,0
945,11,10,,0.0,0
946,11,10,,0.0,0
947,11,10,,0.0,0
948,11,10,,0.0,0
949,11,10,,0.0,0
950,11,10,,0.0,0
951,11,10,,0.0,0
952,11,10,,0.0,0
953,12,8,1,34.0,2
954,12,8,2,33.0,2
955,12,8,3,21.0,2
956,12,8,4,21.0,0
957,12,8,5,16.0,0
958,12,8,6,12.0,1
959,12,8,7,11.0,0
960,12,8,8,11.0,0
961,12,8,9,9.0,1
962,12,8,10,6.0,0
963,12,8,11,4.0,0
964,12,8,12,4.0,0
965,12,8,13,3.0,0
966,12,8,14,3.0,0
967,12,8,15,3.0,0
968,12,8,16,3.0,0
969,12,8,17,2.0,0
970,12,8,,0.0,0
971,12,8,,0.0,0
972,12,8,,0.0,0
973,12,8,,0.0,0
974,12,8,,0.0,0
975,12,8,,0.0,0
976,12,8,,0.0,0
977,12,8,,0.0,0
978,12,8,,0.0,0
979,12,8,,0.0,0
980,12,8,,0.0,0
981,12,8,,0.0,0
982,12,8,,0.0,0
983,12,8,,0.0,0
984,12,8,,0.0,0
985,12,8,,0.0,0
986,12,8,,0.0,0
987,12,8,,0.0,0
988,12,8,,0.0,0
989,12,8,,0.0,0
990,12,8,,0.0,0
991,12,8,,0.0,0
992,12,8,,0.0,0
993,12,8,,0.0,0
994,12,8,,0.0,0
995,12,8,,0.0,0
996,12,8,,0.0,0
997,12,8,,0.0,0
998,12,8,,0.0,0
999,12,8,,0.0,0
1000,12,8,,0.0,0
1001,12,8,,0.0,0
1002,12,8,,0.0,0
1003,12,8,,0.0,0
1004,12,8,,0.0,0
1005,12,8,,0.0,0
1006,12,8,,0.0,0
1007,12,8,,0.0,0
1008,12,8,,0.0,0
1009,12,8,,0.0,0
1010,12,8,,0.0,0
1011,12,8,,0.0,0
1012,12,8,,0.0,0
1013,12,8,,0.0,0
1014,13,9,1,42.0,4
1015,13,9,2,30.0,3
1016,13,9,3,27.0,1
1017,13,9,4,19.0,0
1018,13,9,5,15.0,1
1019,13,9,6,14.0,0
1020,13,9,7,13.0,0
1021,13,9,8,10.0,0
1022,13,9,9,9.0,0
1023,13,9,10,6.0,0
1024,13,9,11,5.0,0
1025,13,9,12,4.0,0
1026,13,9,13,4.0,0
1027,13,9,14,3.0,0
1028,13,9,15,3.0,0
1029,13,9,16,2.0,0
1030,13,9,17,2.0,0
1031,13,9,18,1.0,0
1032,13,9,19,1.0,0
1033,13,9,,0.0,0
1034,13,9,,0.0,0
1035,13,9,,0.0,0
1036,13,9,,0.0,0
1037,13,9,,0.0,0
1038,13,9,,0.0,0
1039,13,9,,0.0,0
1040,13,9,,0.0,0
1041,13,9,,0.0,0
1042,13,9,,0.0,0
1043,13,9,,0.0,0
1044,13,9,,0.0,0
1045,13,9,,0.0,0
1046,13,9,,0.0,0
1047,13,9,,0.0,0
1048,13,9,,0.0,0
1049,13,9,,0.0,0
1050,13,9,,0.0,0
1051,13,9,,0.0,0
1052,13,9,,0.0,0
1053,13,9,,0.0,0
1054,13,9,,0.0,0
1055,13,9,,0.0,0
1056,13,9,,0.0,0
1057,13,9,,0.0,0
1058,13,9,,0.0,0
1059,13,9,,0.0,0
1060,13,9,,0.0,0
1061,13,9,,0.0,0
1062,13,9,,0.0,0
1063,13,9,,0.0,0
1064,13,9,,0.0,0
1065,13,9,,0.0,0
1066,13,9,,0.0,0
1067,13,9,,0.0,0
1068,13,9,,0.0,0
1069,13,9,,0.0,0
1070,13,9,,0.0,0
1071,14,10,1,54.0,7
1072,14,10,2,29.0,2
1073,14,10,3,29.0,0
1074,14,10,4,22.0,1
1075,14,10,5,19.0,0
1076,14,10,6,17.0,0
1077,14,10,7,14.0,0
1078,14,10,8,9.0,0
1079,14,10,9,6.0,0
1080,14,10,10,6.0,0
1081,14,10,11,6.0,0
1082,14,10,12,3.0,0
1083,14,10,13,3.0,0
1084,14,10,14,2.0,0
1085,14,10,15,1.0,0
1086,14,10,16,1.0,0
1087,14,10,17,1.0,0
1088,14,10,,0.0,0
1089,14,10,,0.0,0
1090,14,10,,0.0,0
1091,14,10,,0.0,0
1092,14,10,,0.0,0
1093,14,10,,0.0,0
1094,14,10,,0.0,0
1095,14,10,,0.0,0
1096,14,10,,0.0,0
1097,14,10,,0.0,0
1098,14,10,,0.0,0
1099,14,10,,0.0,0
1100,14,10,,0.0,0
1101,14,10,,0.0,0
1102,14,10,,0.0,0
1103,14,10,,0.0,0
1104,14,10,,0.0,0
1105,14,10,,0.0,0
1106,14,10,,0.0,0
1107,14,10,,0.0,0
1108,14,10,,0.0,0
1109,14,10,,0.0,0
1110,14,10,,0.0,0
1111,14,10,,0.0,0
1112,14,10,,0.0,0
1113,14,10,,0.0,0
1114,14,10,,0.0,0
1115,14,10,,0.0,0
1116,14,10,,0.0,0
1117,14,10,,0.0,0
1118,14,10,,0.0,0
1119,14,10,,0.0,0
1120,14,10,,0.0,0
1121,14,10,,0.0,0
1122,14,10,,0.0,0
1123,14,10,,0.0,0
1124,14,10,,0.0,0
1125,14,10,,0.0,0
1126,14,10,,0.0,0
1127,14,10,,0.0,0
1128,15,10,1,40.0,2
1129,15,10,2,39.0,2
1130,15,10,3,32.0,3
1131,15,10,4,23.0,1
1132,15,10,5,23.0,0
1133,15,10,6,19.0,2
1134,15,10,7,13.0,0
1135,15,10,8,11.0,0
1136,15,10,9,11.0,0
1137,15,10,10,7.0,0
1138,15,10,11,5.0,0
1139,15,10,12,4.0,0
1140,15,10,13,4.0,0
1141,15,10,14,4.0,0
1142,15,10,15,3.0,0
1143,15,10,16,2.0,0
1144,15,10,17,2.0,0
1145,15,10,18,2.0,0
1146,15,10,19,1.0,0
1147,15,10,20,1.0,0
1148,15,10,21,1.0,0
1149,15,10,22,1.0,0
1150,15,10,,0.0,0
1151,15,10,,0.0,0
1152,15,10,,0.0,0
1153,15,10,,0.0,0
1154,15,10,,0.0,0
1155,15,10,,0.0,0
1156,15,10,,0.0,0
1157,15,10,,0.0,0
1158,15,10,,0.0,0
1159,15,10,,0.0,0
1160,15,10,,0.0,0
1161,15,10,,0.0,0
1162,15,10,,0.0,0
1163,15,10,,0.0,0
1164,15,10,,0.0,0
1165,15,10,,0.0,0
1166,16,10,1,54.0,6
1167,16,10,2,40.0,2
1168,16,10,3,33.0,1
1169,16,10,4,25.0,0
1170,16,10,5,17.0,0
1171,16,10,6,13.0,0
1172,16,10,7,11.0,1
1173,16,10,8,10.0,0
1174,16,10,9,10.0,0
1175,16,10,10,9.0,0
1176,16,10,11,5.0,0
1177,16,10,12,5.0,0
1178,16,10,13,4.0,0
1179,16,10,14,2.0,0
1180,16,10,15,2.0,0
1181,16,10,16,2.0,0
1182,16,10,,0.0,0
1183,16,10,,0.0,0
1184,16,10,,0.0,0
1185,16,10,,0.0,0
1186,16,10,,0.0,0
1187,16,10,,0.0,0
1188,16,10,,0.0,0
1189,16,10,,0.0,0
1190,16,10,,0.0,0
1191,16,10,,0.0,0
1192,16,10,,0.0,0
1193,16,10,,0.0,0
1194,16,10,,0.0,0
1195,16,10,,0.0,0
1196,16,10,,0.0,0
1197,16,10,,0.0,0
1198,16,10,,0.0,0
1199,16,10,,0.0,0
1200,16,10,,0.0,0
1201,16,10,,0.0,0
1202,16,10,,0.0,0
1203,16,10,,0.0,0
1204,16,10,,0.0,0
1205,16,10,,0.0,0
1206,16,10,,0.0,0
1207,16,10,,0.0,0
1208,16,10,,0.0,0
1209,16,10,,0.0,0
1210,17,9,1,42.0,4
1211,17,9,2,28.0,2
1212,17,9,3,22.0,0
1213,17,9,4,18.0,0
1214,17,9,5,17.0,0
1215,17,9,6,16.0,1
1216,17,9,7,14.0,1
1217,17,9,8,12.0,0
1218,17,9,9,12.0,0
1219,17,9,10,9.0,1
1220,17,9,11,5.0,0
1221,17,9,12,4.0,0
1222,17,9,13,4.0,0
1223,17,9,14,3.0,0
1224,17,9,15,3.0,0
1225,17,9,16,3.0,0
1226,17,9,17,1.0,0
1227,17,9,18,1.0,0
1228,17,9,19,1.0,0
1229,17,9,20,1.0,0
1230,17,9,,0.0,0
1231,17,9,,0.0,0
1232,17,9,,0.0,0
1233,17,9,,0.0,0
1234,17,9,,0.0,0
1235,17,9,,0.0,0
1236,17,9,,0.0,0
1237,17,9,,0.0,0
1238,17,9,,0.0,0
1239,17,9,,0.0,0
1240,17,9,,0.0,0
1241,17,9,,0.0,0
1242,18,11,1,51.0,2
1243,18,11,2,48.0,2
1244,18,11,3,41.0,4
1245,18,11,4,20.0,1
1246,18,11,5,20.0,0
1247,18,11,6,15.0,1
1248,18,11,7,15.0,0
1249,18,11,8,13.0,1
1250,18,11,9,10.0,0
1251,18,11,10,9.0,0
1252,18,11,11,6.0,0
1253,18,11,12,6.0,0
1254,18,11,13,6.0,0
1255,18,11,14,3.0,0
1256,18,11,15,3.0,0
1257,18,11,16,2.0,0
1258,18,11,17,2.0,0
1259,18,11,18,2.0,0
1260,18,11,19,1.0,0
1261,18,11,20,1.0,0
1262,18,11,21,1.0,0
1263,18,11,,0.0,0
1264,18,11,,0.0,0
1265,18,11,,0.0,0
1266,18,11,,0.0,0
1267,18,11,,0.0,0
1268,18,11,,0.0,0
1269,18,11,,0.0,0
1270,18,11,,0.0,0
1271,18,11,,0.0,0
1272,18,11,,0.0,0
1273,18,11,,0.0,0
1274,18,11,,0.0,0
1275,18,11,,0.0,0
1276,18,11,,0.0,0
1277,18,11,,0.0,0
1278,18,11,,0.0,0
1279,18,11,,0.0,0
1280,18,11,,0.0,0
1281,18,11,,0.0,0
1282,18,11,,0.0,0
1283,18,11,,0.0,0
1284,18,11,,0.0,0
1285,19,12,1,48.0,3
1286,19,12,2,36.0,3
1287,19,12,3,33.0,2
1288,19,12,4,27.0,1
1289,19,12,5,22.0,1
1290,19,12,6,18.0,0
1291,19,12,7,12.0,1
1292,19,12,8,12.0,0
1293,19,12,9,11.0,0
1294,19,12,10,10.0,0
1295,19,12,11,9.0,1
1296,19,12,12,8.0,0
1297,19,12,13,6.0,0
1298,19,12,14,6.0,0
1299,19,12,15,6.0,0
1300,19,12,16,6.0,0
1301,19,12,17,5.0,0
1302,19,12,18,5.0,0
1303,19,12,19,4.0,0
1304,19,12,20,4.0,0
1305,19,12,21,3.0,0
1306,19,12,22,3.0,0
1307,19,12,23,2.0,0
1308,19,12,24,2.0,0
1309,19,12,,0.0,0
1310,19,12,,0.0,0
1311,19,12,,0.0,0
1312,19,12,,0.0,0
1313,19,12,,0.0,0
1314,19,12,,0.0,0
1315,19,12,,0.0,0
1316,19,12,,0.0,0
1317,19,12,,0.0,0
1318,19,12,,0.0,0
1319,19,12,,0.0,0
1320,19,12,,0.0,0
1321,19,12,,0.0,0
1322,19,12,,0.0,0
1323,19,12,,0.0,0
1324,19,12,,0.0,0
1325,19,12,,0.0,0
1326,19,12,,0.0,0
1327,20,11,1,63.0,6
1328,20,11,2,37.0,2
1329,20,11,3,26.0,0
1330,20,11,4,22.0,1
1331,20,11,5,21.0,0
1332,20,11,6,20.0,1
1333,20,11,7,19.0,1
1334,20,11,8,16.0,0
1335,20,11,9,15.0,0
1336,20,11,10,14.0,0
1337,20,11,11,6.0,0
1338,20,11,12,4.0,0
1339,20,11,13,3.0,0
1340,20,11,14,3.0,0
1341,20,11,15,3.0,0
1342,20,11,16,1.0,0
1343,20,11,17,1.0,0
1344,20,11,18,1.0,0
1345,20,11,,0.0,0
1346,20,11,,0.0,0
1347,20,11,,0.0,0
1348,20,11,,0.0,0
1349,20,11,,0.0,0
1350,20,11,,0.0,0
1351,20,11,,0.0,0
1352,20,11,,0.0,0
1353,20,11,,0.0,0
1354,20,11,,0.0,0
1355,20,11,,0.0,0
1356,20,11,,0.0,0
1357,20,11,,0.0,0
1358,21,13,1,45.0,5
1359,21,13,2,40.0,3
1360,21,13,3,33.0,1
1361,21,13,4,27.0,0
1362,21,13,5,25.0,1
1363,21,13,6,25.0,1
1364,21,13,7,23.0,1
1365,21,13,8,23.0,0
1366,21,13,9,16.0,0
1367,21,13,10,12.0,1
1368,21,13,11,10.0,0
1369,21,13,12,8.0,0
1370,21,13,13,7.0,0
1371,21,13,14,6.0,0
1372,21,13,15,4.0,0
1373,21,13,16,4.0,0
1374,21,13,17,3.0,0
1375,21,13,18,3.0,0
1376,21,13,19,2.0,0
1377,21,13,20,2.0,0
1378,21,13,21,2.0,0
1379,21,13,22,1.0,0
1380,21,13,23,1.0,0
1381,21,13,24,1.0,0
1382,21,13,25,1.0,0
1383,21,13,,0.0,0
1384,21,13,,0.0,0
1385,21,13,,0.0,0
1386,21,13,,0.0,0
1387,21,13,,0.0,0
1388,21,13,,0.0,0
1389,21,13,,0.0,0
1390,21,13,,0.0,0
1391,21,13,,0.0,0
1392,21,13,,0.0,0
1393,21,13,,0.0,0
1394,21,13,,0.0,0
1395,21,13,,0.0,0
1396,22,11,1,62.0,6
1397,22,11,2,33.0,0
1398,22,11,3,26.0,1
1399,22,11,4,19.0,1
1400,22,11,5,19.0,1
1401,22,11,6,16.0,0
1402,22,11,7,13.0,0
1403,22,11,8,12.0,1
1404,22,11,9,9.0,1
1405,22,11,10,9.0,0
1406,22,11,11,9.0,0
1407,22,11,12,9.0,0
1408,22,11,13,9.0,0
1409,22,11,14,5.0,0
1410,22,11,15,5.0,0
1411,22,11,16,4.0,0
1412,22,11,17,4.0,0
1413,22,11,18,3.0,0
1414,22,11,19,3.0,0
1415,22,11,20,3.0,0
1416,22,11,21,2.0,0
1417,22,11,22,1.0,0
1418,22,11,,0.0,0
1419,22,11,,0.0,0
1420,22,11,,0.0,0
1421,22,11,,0.0,0
1422,22,11,,0.0,0
1423,22,11,,0.0,0
1424,22,11,,0.0,0
1425,22,11,,0.0,0
1426,22,11,,0.0,0
1427,22,11,,0.0,0
1428,22,11,,0.0,0
1429,22,11,,0.0,0
1430,22,11,,0.0,0
1431,22,11,,0.0,0
1432,22,11,,0.0,0
1433,22,11,,0.0,0
1434,22,11,,0.0,0
1435,22,11,,0.0,0
1436,22,11,,0.0,0
1437,22,11,,0.0,0
1438,22,11,,0.0,0
1439,22,11,,0.0,0
1440,22,11,,0.0,0
1441,22,11,,0.0,0
1442,22,11,,0.0,0
1443,22,11,,0.0,0
1444,22,11,,0.0,0
1445,22,11,,0.0,0
1446,23,12,1,61.0,5
1447,23,12,2,45.0,4
1448,23,12,3,39.0,1
1449,23,12,4,27.0,1
1450,23,12,5,23.0,0
1451,23,12,6,15.0,0
1452,23,12,7,15.0,0
1453,23,12,8,13.0,0
1454,23,12,9,12.0,0
1455,23,12,10,12.0,0
1456,23,12,11,9.0,1
1457,23,12,12,4.0,0
1458,23,12,13,4.0,0
1459,23,12,14,4.0,0
1460,23,12,15,4.0,0
1461,23,12,16,3.0,0
1462,23,12,17,3.0,0
1463,23,12,18,3.0,0
1464,23,12,19,2.0,0
1465,23,12,20,1.0,0
1466,23,12,21,1.0,0
1467,23,12,,0.0,0
1468,23,12,,0.0,0
1469,23,12,,0.0,0
1470,23,12,,0.0,0
1471,23,12,,0.0,0
1472,23,12,,0.0,0
1473,23,12,,0.0,0
1474,23,12,,0.0,0
1475,23,12,,0.0,0
1476,23,12,,0.0,0
1477,23,12,,0.0,0
1478,23,12,,0.0,0
1479,23,12,,0.0,0
1480,23,12,,0.0,0
1481,23,12,,0.0,0
1482,23,12,,0.0,0
1483,23,12,,0.0,0
1484,23,12,,0.0,0
1485,23,12,,0.0,0
1486,23,12,,0.0,0
1487,23,12,,0.0,0
1488,24,15,1,71.0,5
1489,24,15,2,55.0,3
1490,24,15,3,52.0,4
1491,24,15,4,47.0,0
1492,24,15,5,38.0,2
1493,24,15,6,26.0,1
1494,24,15,7,16.0,0
1495,24,15,8,14.0,0
1496,24,15,9,12.0,0
1497,24,15,10,9.0,0
1498,24,15,11,7.0,0
1499,24,15,12,6.0,0
1500,24,15,13,5.0,0
1501,24,15,14,4.0,0
1502,24,15,15,3.0,0
1503,24,15,16,3.0,0
1504,24,15,17,2.0,0
1505,24,15,18,2.0,0
1506,24,15,19,1.0,0
1507,24,15,20,1.0,0
1508,24,15,21,1.0,0
1509,24,15,,0.0,0
1510,24,15,,0.0,0
1511,24,15,,0.0,0
1512,24,15,,0.0,0
1513,24,15,,0.0,0
1514,24,15,,0.0,0
1515,24,15,,0.0,0
1516,24,15,,0.0,0
1517,24,15,,0.0,0
1518,24,15,,0.0,0
1519,24,15,,0.0,0
1520,24,15,,0.0,0
1521,24,15,,0.0,0
1522,24,15,,0.0,0
1523,24,15,,0.0,0
1524,24,15,,0.0,0
1525,24,15,,0.0,0
1526,24,15,,0.0,0
1527,24,15,,0.0,0
1528,24,15,,0.0,0
1529,24,15,,0.0,0
1530,24,15,,0.0,0
1531,25,15,1,55.0,3
1532,25,15,2,52.0,1
1533,25,15,3,45.0,2
1534,25,15,4,38.0,2
1535,25,15,5,35.0,3
1536,25,15,6,32.0,3
1537,25,15,7,20.0,1
1538,25,15,8,15.0,0
1539,25,15,9,14.0,0
1540,25,15,10,12.0,0
1541,25,15,11,12.0,0
1542,25,15,12,11.0,0
1543,25,15,13,10.0,0
1544,25,15,14,6.0,0
1545,25,15,15,6.0,0
1546,25,15,16,5.0,0
1547,25,15,17,4.0,0
1548,25,15,18,1.0,0
1549,25,15,19,1.0,0
1550,25,15,20,1.0,0
1551,25,15,,0.0,0
1552,25,15,,0.0,0
1553,25,15,,0.0,0
1554,25,15,,0.0,0
1555,25,15,,0.0,0
1556,25,15,,0.0,0
1557,25,15,,0.0,0
1558,25,15,,0.0,0
1559,25,15,,0.0,0
1560,25,15,,0.0,0
1561,25,15,,0.0,0
1562,25,15,,0.0,0
1563,25,15,,0.0,0
1564,25,15,,0.0,0
1565,25,15,,0.0,0
1566,25,15,,0.0,0
1567,25,15,,0.0,0
1568,25,15,,0.0,0
1569,25,15,,0.0,0
1570,25,15,,0.0,0
1571,25,15,,0.0,0
1572,25,15,,0.0,0
1573,25,15,,0.0,0
1574,25,15,,0.0,0
1575,25,15,,0.0,0
1576,25,15,,0.0,0
1577,25,15,,0.0,0
1578,25,15,,0.0,0
1579,25,15,,0.0,0
1580,25,15,,0.0,0
1581,25,15,,0.0,0
1582,25,15,,0.0,0
1583,25,15,,0.0,0
1584,25,15,,0.0,0
1585,25,15,,0.0,0
1586,25,15,,0.0,0
1587,26,14,1,64.5,5
1588,26,14,2,45.0,2
1589,26,14,3,37.0,1
1590,26,14,4,33.0,1
1591,26,14,5,25.0,1
1592,26,14,6,24.0,1
1593,26,14,7,20.0,1
1594,26,14,8,20.0,1
1595,26,14,9,12.0,0
1596,26,14,10,8.0,0
1597,26,14,11,6.5,1
1598,26,14,12,6.0,0
1599,26,14,13,6.0,0
1600,26,14,14,5.0,0
1601,26,14,15,4.0,0
1602,26,14,16,3.0,0
1603,26,14,17,2.0,0
1604,26,14,18,1.5,0
1605,26,14,19,1.0,0
1606,26,14,20,1.0,0
1607,26,14,21,0.5,0
1608,26,14,,0.0,0
1609,26,14,,0.0,0
1610,26,14,,0.0,0
1611,26,14,,0.0,0
1612,26,14,,0.0,0
1613,26,14,,0.0,0
1614,26,14,,0.0,0
1615,26,14,,0.0,0
1616,26,14,,0.0,0
1617,26,14,,0.0,0
1618,26,14,,0.0,0
1619,26,14,,0.0,0
1620,26,14,,0.0,0
1621,26,14,,0.0,0
1622,26,14,,0.0,0
1623,26,14,,0.0,0
1624,26,14,,0.0,0
1625,26,14,,0.0,0
1626,26,14,,0.0,0
1627,26,14,,0.0,0
1628,26,14,,0.0,0
1629,26,14,,0.0,0
1630,26,14,,0.0,0
1631,26,14,,0.0,0
1632,26,14,,0.0,0
1633,26,14,,0.0,0
1634,26,14,,0.0,0
1635,26,14,,0.0,0
1636,26,14,,0.0,0
1637,26,14,,0.0,0
1638,27,16,1,66.0,6
1639,27,16,2,64.0,5
1640,27,16,3,48.0,1
1641,27,16,4,39.0,0
1642,27,16,5,31.0,1
1643,27,16,6,22.0,1
1644,27,16,7,20.0,1
1645,27,16,8,20.0,0
1646,27,16,9,19.0,0
1647,27,16,10,11.0,0
1648,27,16,11,10.0,1
1649,27,16,12,10.0,0
1650,27,16,13,8.0,0
1651,27,16,14,7.0,0
1652,27,16,15,7.0,0
1653,27,16,16,3.0,0
1654,27,16,17,3.0,0
1655,27,16,18,2.0,0
1656,27,16,19,1.0,0
1657,27,16,20,1.0,0
1658,27,16,,0.0,0
1659,27,16,,0.0,0
1660,27,16,,0.0,0
1661,27,16,,0.0,0
1662,27,16,,0.0,0
1663,27,16,,0.0,0
1664,27,16,,0.0,0
1665,27,16,,0.0,0
1666,27,16,,0.0,0
1667,27,16,,0.0,0
1668,27,16,,0.0,0
1669,27,16,,0.0,0
1670,27,16,,0.0,0
1671,27,16,,0.0,0
1672,27,16,,0.0,0
1673,27,16,,0.0,0
1674,27,16,,0.0,0
1675,27,16,,0.0,0
1676,27,16,,0.0,0
1677,27,16,,0.0,0
1678,27,16,,0.0,0
1679,27,16,,0.0,0
1680,27,16,,0.0,0
1681,27,16,,0.0,0
1682,27,16,,0.0,0
1683,27,16,,0.0,0
1684,27,16,,0.0,0
1685,28,17,1,70.0,3
1686,28,17,2,55.0,3
1687,28,17,3,47.0,4
1688,28,17,4,41.0,1
1689,28,17,5,40.0,3
1690,28,17,6,25.0,0
1691,28,17,7,22.0,1
1692,28,17,8,20.0,1
1693,28,17,9,20.0,0
1694,28,17,10,18.0,1
1695,28,17,11,12.0,0
1696,28,17,12,11.0,0
1697,28,17,13,9.0,0
1698,28,17,14,7.0,0
1699,28,17,15,6.0,0
1700,28,17,16,6.0,0
1701,28,17,17,5.0,0
1702,28,17,18,5.0,0
1703,28,17,19,1.0,0
1704,28,17,20,1.0,0
1705,28,17,21,1.0,0
1706,28,17,,0.0,0
1707,28,17,,0.0,0
1708,28,17,,0.0,0
1709,28,17,,0.0,0
1710,28,17,,0.0,0
1711,28,17,,0.0,0
1712,28,17,,0.0,0
1713,28,17,,0.0,0
1714,28,17,,0.0,0
1715,28,17,,0.0,0
1716,28,17,,0.0,0
1717,28,17,,0.0,0
1718,28,17,,0.0,0
1719,28,17,,0.0,0
1720,28,17,,0.0,0
1721,28,17,,0.0,0
1722,28,17,,0.0,0
1723,28,17,,0.0,0
1724,28,17,,0.0,0
1725,28,17,,0.0,0
1726,28,17,,0.0,0
1727,28,17,,0.0,0
1728,28,17,,0.0,0
1729,28,17,,0.0,0
1730,28,17,,0.0,0
1731,28,17,,0.0,0
1732,28,17,,0.0,0
1733,29,16,1,64.0,6
1734,29,16,2,51.0,2
1735,29,16,3,48.0,4
1736,29,16,4,44.0,2
1737,29,16,5,34.0,1
1738,29,16,6,25.0,0
1739,29,16,7,24.0,0
1740,29,16,8,19.0,0
1741,29,16,9,17.0,1
1742,29,16,10,17.0,0
1743,29,16,11,11.0,0
1744,29,16,12,11.0,0
1745,29,16,13,8.0,0
1746,29,16,14,8.0,0
1747,29,16,15,7.0,0
1748,29,16,16,4.0,0
1749,29,16,17,3.0,0
1750,29,16,18,2.0,0
1751,29,16,19,1.0,0
1752,29,16,20,1.0,0
1753,29,16,21,1.0,0
1754,29,16,,0.0,0
1755,29,16,,0.0,0
1756,29,16,,0.0,0
1757,29,16,,0.0,0
1758,29,16,,0.0,0
1759,29,16,,0.0,0
1760,29,16,,0.0,0
1761,29,16,,0.0,0
1762,29,16,,0.0,0
1763,29,16,,0.0,0
1764,29,16,,0.0,0
1765,29,16,,0.0,0
1766,29,16,,0.0,0
1767,29,16,,0.0,0
1768,29,16,,0.0,0
1769,29,16,,0.0,0
1770,29,16,,0.0,0
1771,30,15,1,51.0,3
1772,30,15,2,47.0,3
1773,30,15,3,40.0,4
1774,30,15,4,36.0,2
1775,30,15,5,29.0,1
1776,30,15,6,20.0,1
1777,30,15,7,20.0,0
1778,30,15,8,17.0,0
1779,30,15,9,15.0,0
1780,30,15,10,14.0,0
1781,30,15,11,14.0,0
1782,30,15,12,14.0,0
1783,30,15,13,9.0,1
1784,30,15,14,4.0,0
1785,30,15,15,3.0,0
1786,30,15,16,3.0,0
1787,30,15,17,3.0,0
1788,30,15,18,3.0,0
1789,30,15,19,2.0,0
1790,30,15,20,2.0,0
1791,30,15,21,1.0,0
1792,30,15,,0.0,0
1793,30,15,,0.0,0
1794,30,15,,0.0,0
1795,30,15,,0.0,0
1796,30,15,,0.0,0
1797,30,15,,0.0,0
1798,30,15,,0.0,0
1799,30,15,,0.0,0
1800,30,15,,0.0,0
1801,30,15,,0.0,0
1802,30,15,,0.0,0
1803,30,15,,0.0,0
1804,30,15,,0.0,0
1805,30,15,,0.0,0
1806,30,15,,0.0,0
1807,31,14,1,67.0,5
1808,31,14,2,54.0,3
1809,31,14,3,42.0,1
1810,31,14,4,34.0,1
1811,31,14,5,32.0,1
1812,31,14,6,29.0,2
1813,31,14,7,13.0,0
1814,31,14,8,9.0,1
1815,31,14,9,7.0,0
1816,31,14,10,6.0,0
1817,31,14,11,6.0,0
1818,31,14,12,6.0,0
1819,31,14,13,6.0,0
1820,31,14,14,6.0,0
1821,31,14,15,5.0,0
1822,31,14,16,5.0,0
1823,31,14,17,4.0,0
1824,31,14,18,4.0,0
1825,31,14,19,2.0,0
1826,31,14,20,1.0,0
1827,31,14,21,1.0,0
1828,31,14,,0.0,0
1829,31,14,,0.0,0
1830,31,14,,0.0,0
1831,31,14,,0.0,0
1832,31,14,,0.0,0
1833,31,14,,0.0,0
1834,31,14,,0.0,0
1835,31,14,,0.0,0
1836,31,14,,0.0,0
1837,31,14,,0.0,0
1838,31,14,,0.0,0
1839,31,14,,0.0,0
1840,31,14,,0.0,0
1841,31,14,,0.0,0
1842,31,14,,0.0,0
1843,31,14,,0.0,0
1844,31,14,,0.0,0
1845,31,14,,0.0,0
1846,31,14,,0.0,0
1847,31,14,,0.0,0
1848,32,15,1,50.0,3
1849,32,15,2,49.0,2
1850,32,15,3,46.0,2
1851,32,15,4,44.0,2
1852,32,15,5,43.0,3
1853,32,15,6,27.0,1
1854,32,15,7,25.0,2
1855,32,15,8,14.0,0
1856,32,15,9,11.0,0
1857,32,15,10,11.0,0
1858,32,15,11,10.0,0
1859,32,15,12,10.0,0
1860,32,15,13,9.0,0
1861,32,15,14,8.0,0
1862,32,15,15,7.0,0
1863,32,15,16,4.0,0
1864,32,15,17,3.0,0
1865,32,15,18,1.0,0
1866,32,15,19,1.0,0
1867,32,15,20,1.0,0
1868,32,15,21,1.0,0
1869,32,15,,0.0,0
1870,32,15,,0.0,0
1871,32,15,,0.0,0
1872,32,15,,0.0,0
1873,32,15,,0.0,0
1874,32,15,,0.0,0
1875,32,15,,0.0,0
1876,32,15,,0.0,0
1877,32,15,,0.0,0
1878,32,15,,0.0,0
1879,32,15,,0.0,0
1880,32,15,,0.0,0
1881,32,15,,0.0,0
1882,32,15,,0.0,0
1883,32,15,,0.0,0
1884,32,15,,0.0,0
1885,32,15,,0.0,0
1886,32,15,,0.0,0
1887,33,16,1,44.0,1
1888,33,16,2,39.0,2
1889,33,16,3,39.0,2
1890,33,16,4,34.0,2
1891,33,16,5,30.0,2
1892,33,16,6,28.0,2
1893,33,16,7,25.0,1
1894,33,16,8,25.0,1
1895,33,16,9,23.0,1
1896,33,16,10,21.0,1
1897,33,16,11,20.0,1
1898,33,16,12,15.0,0
1899,33,16,13,8.0,0
1900,33,16,14,7.0,0
1901,33,16,15,6.0,0
1902,33,16,16,6.0,0
1903,33,16,17,5.0,0
1904,33,16,18,5.0,0
1905,33,16,19,4.0,0
1906,33,16,20,3.0,0
1907,33,16,21,3.0,0
1908,33,16,22,2.0,0
1909,33,16,23,2.0,0
1910,33,16,24,2.0,0
1911,33,16,25,2.0,0
1912,33,16,26,1.0,0
1913,33,16,,0.0,0
1914,33,16,,0.0,0
1915,33,16,,0.0,0
1916,33,16,,0.0,0
1917,33,16,,0.0,0
1918,33,16,,0.0,0
1919,33,16,,0.0,0
1920,33,16,,0.0,0
1921,33,16,,0.0,0
1922,33,16,,0.0,0
1923,33,16,,0.0,0
1924,33,16,,0.0,0
1925,33,16,,0.0,0
1926,33,16,,0.0,0
1927,34,15,1,59.0,3
1928,34,15,2,57.0,4
1929,34,15,3,49.0,3
1930,34,15,4,40.0,1
1931,34,15,5,27.0,1
1932,34,15,6,22.0,1
1933,34,15,7,22.0,0
1934,34,15,8,15.0,0
1935,34,15,9,13.0,1
1936,34,15,10,12.0,0
1937,34,15,11,11.0,0
1938,34,15,12,10.0,1
1939,34,15,13,10.0,0
1940,34,15,14,9.0,0
1941,34,15,15,4.0,0
1942,34,15,16,3.0,0
1943,34,15,17,2.0,0
1944,34,15,18,2.0,0
1945,34,15,19,1.0,0
1946,34,15,20,1.0,0
1947,34,15,,0.0,0
1948,34,15,,0.0,0
1949,34,15,,0.0,0
1950,34,15,,0.0,0
1951,34,15,,0.0,0
1952,34,15,,0.0,0
1953,34,15,,0.0,0
1954,34,15,,0.0,0
1955,34,15,,0.0,0
1956,34,15,,0.0,0
1957,34,15,,0.0,0
1958,34,15,,0.0,0
1959,34,15,,0.0,0
1960,34,15,,0.0,0
1961,34,15,,0.0,0
1962,35,16,1,72.0,5
1963,35,16,2,71.5,7
1964,35,16,3,34.0,0
1965,35,16,4,30.5,1
1966,35,16,5,29.0,2
1967,35,16,6,27.0,0
1968,35,16,7,23.0,0
1969,35,16,8,20.5,1
1970,35,16,9,13.0,0
1971,35,16,10,13.0,0
1972,35,16,11,11.0,0
1973,35,16,12,9.0,0
1974,35,16,13,8.0,0
1975,35,16,14,5.0,0
1976,35,16,15,5.0,0
1977,35,16,16,3.0,0
1978,35,16,17,3.0,0
1979,35,16,18,3.0,0
1980,35,16,19,2.0,0
1981,35,16,20,1.0,0
1982,35,16,,0.0,0
1983,35,16,,0.0,0
1984,35,16,,0.0,0
1985,35,16,,0.0,0
1986,35,16,,0.0,0
1987,35,16,,0.0,0
1988,35,16,,0.0,0
1989,35,16,,0.0,0
1990,35,16,,0.0,0
1991,35,16,,0.0,0
1992,35,16,,0.0,0
1993,35,16,,0.0,0
1994,35,16,,0.0,0
1995,35,16,,0.0,0
1996,35,16,,0.0,0
1997,36,16,1,73.0,5
1998,36,16,2,53.0,2
1999,36,16,3,40.0,2
2000,36,16,4,38.0,2
2001,36,16,5,33.0,1
2002,36,16,6,31.0,2
2003,36,16,7,26.0,0
2004,36,16,8,21.0,1
2005,36,16,9,16.0,0
2006,36,16,10,14.0,1
2007,36,16,11,11.0,0
2008,36,16,12,11.0,0
2009,36,16,13,5.0,0
2010,36,16,14,5.0,0
2011,36,16,15,4.0,0
2012,36,16,16,4.0,0
2013,36,16,17,3.0,0
2014,36,16,18,3.0,0
2015,36,16,19,3.0,0
2016,36,16,20,3.0,0
2017,36,16,,0.0,0
2018,36,16,,0.0,0
2019,36,16,,0.0,0
2020,36,16,,0.0,0
2021,36,16,,0.0,0
2022,36,16,,0.0,0
2023,36,16,,0.0,0
2024,36,16,,0.0,0
2025,36,16,,0.0,0
2026,36,16,,0.0,0
2027,36,16,,0.0,0
2028,36,16,,0.0,0
2029,36,16,,0.0,0
2030,36,16,,0.0,0
2031,36,16,,0.0,0
2032,36,16,,0.0,0
2033,37,16,1,72.0,4
2034,37,16,2,70.0,5
2035,37,16,3,69.0,4
2036,37,16,4,55.0,2
2037,37,16,5,23.0,0
2038,37,16,6,22.0,0
2039,37,16,7,17.0,1
2040,37,16,8,14.0,0
2041,37,16,9,14.0,0
2042,37,16,10,14.0,0
2043,37,16,11,8.0,0
2044,37,16,12,4.0,0
2045,37,16,13,3.0,0
2046,37,16,14,3.0,0
2047,37,16,15,2.0,0
2048,37,16,16,2.0,0
2049,37,16,17,2.0,0
2050,37,16,18,1.0,0
2051,37,16,19,1.0,0
2052,37,16,,0.0,0
2053,37,16,,0.0,0
2054,37,16,,0.0,0
2055,37,16,,0.0,0
2056,37,16,,0.0,0
2057,37,16,,0.0,0
2058,37,16,,0.0,0
2059,37,16,,0.0,0
2060,37,16,,0.0,0
2061,37,16,,0.0,0
2062,37,16,,0.0,0
2063,37,16,,0.0,0
2064,37,16,,0.0,0
2065,38,16,1,73.0,3
2066,38,16,2,61.0,6
2067,38,16,3,57.0,2
2068,38,16,4,46.0,3
2069,38,16,5,36.0,2
2070,38,16,6,30.0,0
2071,38,16,7,17.0,0
2072,38,16,8,16.0,0
2073,38,16,9,12.0,0
2074,38,16,10,8.0,0
2075,38,16,11,7.0,0
2076,38,16,12,7.0,0
2077,38,16,13,6.0,0
2078,38,16,14,4.0,0
2079,38,16,15,4.0,0
2080,38,16,16,3.0,0
2081,38,16,17,3.0,0
2082,38,16,18,2.0,0
2083,38,16,19,1.0,0
2084,38,16,20,1.0,0
2085,38,16,21,1.0,0
2086,38,16,,0.0,0
2087,38,16,,0.0,0
2088,38,16,,0.0,0
2089,38,16,,0.0,0
2090,38,16,,0.0,0
2091,38,16,,0.0,0
2092,38,16,,0.0,0
2093,38,16,,0.0,0
2094,38,16,,0.0,0
2095,38,16,,0.0,0
2096,38,16,,0.0,0
2097,39,16,1,90.0,8
2098,39,16,2,87.0,7
2099,39,16,3,41.0,1
2100,39,16,4,27.0,0
2101,39,16,5,24.0,0
2102,39,16,6,22.0,0
2103,39,16,7,17.0,0
2104,39,16,8,17.0,0
2105,39,16,9,12.0,0
2106,39,16,10,12.0,0
2107,39,16,11,8.0,0
2108,39,16,12,6.0,0
2109,39,16,13,5.0,0
2110,39,16,14,5.0,0
2111,39,16,15,3.0,0
2112,39,16,16,1.0,0
2113,39,16,17,1.0,0
2114,39,16,,0.0,0
2115,39,16,,0.0,0
2116,39,16,,0.0,0
2117,39,16,,0.0,0
2118,39,16,,0.0,0
2119,39,16,,0.0,0
2120,39,16,,0.0,0
2121,39,16,,0.0,0
2122,39,16,,0.0,0
2123,39,16,,0.0,0
2124,39,16,,0.0,0
2125,39,16,,0.0,0
2126,39,16,,0.0,0
2127,39,16,,0.0,0
2128,39,16,,0.0,0
2129,39,16,,0.0,0
2130,39,16,,0.0,0
2131,39,16,,0.0,0
2132,39,16,,0.0,0
2133,40,16,1,76.0,4
2134,40,16,2,60.0,6
2135,40,16,3,40.0,0
2136,40,16,4,38.0,2
2137,40,16,5,37.0,2
2138,40,16,6,32.0,1
2139,40,16,7,21.0,1
2140,40,16,8,12.0,0
2141,40,16,9,8.0,0
2142,40,16,10,7.0,0
2143,40,16,11,6.0,0
2144,40,16,12,6.0,0
2145,40,16,13,6.0,0
2146,40,16,14,5.0,0
2147,40,16,15,5.0,0
2148,40,16,16,4.0,0
2149,40,16,17,4.0,0
2150,40,16,18,4.0,0
2151,40,16,19,4.0,0
2152,40,16,20,4.0,0
2153,40,16,21,3.0,0
2154,40,16,22,3.0,0
2155,40,16,23,2.0,0
2156,40,16,24,2.0,0
2157,40,16,25,2.0,0
2158,40,16,26,1.0,0
2159,40,16,27,1.0,0
2160,40,16,28,1.0,0
2161,40,16,29,1.0,0
2162,40,16,,0.0,0
2163,40,16,,0.0,0
2164,40,16,,0.0,0
2165,40,16,,0.0,0
2166,40,16,,0.0,0
2167,40,16,,0.0,0
2168,40,16,,0.0,0
2169,40,16,,0.0,0
2170,40,16,,0.0,0
2171,40,16,,0.0,0
2172,40,16,,0.0,0
2173,40,16,,0.0,0
2174,40,16,,0.0,0
2175,40,16,,0.0,0
2176,40,16,,0.0,0
2177,40,16,,0.0,0
2178,40,16,,0.0,0
2179,40,16,,0.0,0
2180,41,16,1,78.0,6
2181,41,16,2,71.0,5
2182,41,16,3,43.0,2
2183,41,16,4,43.0,0
2184,41,16,5,37.0,1
2185,41,16,6,34.0,1
2186,41,16,7,23.0,1
2187,41,16,8,21.0,0
2188,41,16,9,13.0,0
2189,41,16,10,6.0,0
2190,41,16,11,6.0,0
2191,41,16,12,6.0,0
2192,41,16,13,5.0,0
2193,41,16,14,3.0,0
2194,41,16,15,3.0,0
2195,41,16,16,2.0,0
2196,41,16,17,2.0,0
2197,41,16,18,1.0,0
2198,41,16,,0.0,0
2199,41,16,,0.0,0
2200,41,16,,0.0,0
2201,41,16,,0.0,0
2202,41,16,,0.0,0
2203,41,16,,0.0,0
2204,41,16,,0.0,0
2205,41,16,,0.0,0
2206,41,16,,0.0,0
2207,41,16,,0.0,0
2208,41,16,,0.0,0
2209,41,16,,0.0,0
2210,41,16,,0.0,0
2211,41,16,,0.0,0
2212,41,16,,0.0,0
2213,41,16,,0.0,0
2214,41,16,,0.0,0
2215,41,16,,0.0,0
2216,41,16,,0.0,0
2217,41,16,,0.0,0
2218,41,16,,0.0,0
2219,41,16,,0.0,0
2220,42,16,1,96.0,7
2221,42,16,2,72.0,5
2222,42,16,3,53.0,2
2223,42,16,4,43.0,1
2224,42,16,5,34.0,0
2225,42,16,6,26.5,1
2226,42,16,7,21.0,0
2227,42,16,8,10.0,0
2228,42,16,9,9.0,0
2229,42,16,10,8.0,0
2230,42,16,11,6.0,0
2231,42,16,12,4.0,0
2232,42,16,13,4.0,0
2233,42,16,14,4.0,0
2234,42,16,15,2.0,0
2235,42,16,16,2.0,0
2236,42,16,17,2.0,0
2237,42,16,18,1.0,0
2238,42,16,19,1.0,0
2239,42,16,20,1.0,0
2240,42,16,21,1.0,0
2241,42,16,22,1.0,0
2242,42,16,23,1.0,0
2243,42,16,24,0.5,0
2244,42,16,,0.0,0
2245,42,16,,0.0,0
2246,42,16,,0.0,0
2247,42,16,,0.0,0
2248,42,16,,0.0,0
2249,42,16,,0.0,0
2250,42,16,,0.0,0
2251,42,16,,0.0,0
2252,42,16,,0.0,0
2253,42,16,,0.0,0
2254,42,16,,0.0,0
2255,42,16,,0.0,0
2256,42,16,,0.0,0
2257,42,16,,0.0,0
2258,42,16,,0.0,0
2259,42,16,,0.0,0
2260,42,16,,0.0,0
2261,43,16,1,108.0,9
2262,43,16,2,56.0,1
2263,43,16,3,53.0,1
2264,43,16,4,50.0,3
2265,43,16,5,49.0,2
2266,43,16,6,38.0,0
2267,43,16,7,18.0,0
2268,43,16,8,11.0,0
2269,43,16,9,8.0,0
2270,43,16,10,6.0,0
2271,43,16,11,4.0,0
2272,43,16,12,3.0,0
2273,43,16,13,3.0,0
2274,43,16,14,2.0,0
2275,43,16,15,2.0,0
2276,43,16,16,2.0,0
2277,43,16,17,1.0,0
2278,43,16,18,1.0,0
2279,43,16,19,1.0,0
2280,43,16,,0.0,0
2281,43,16,,0.0,0
2282,43,16,,0.0,0
2283,43,16,,0.0,0
2284,43,16,,0.0,0
2285,43,16,,0.0,0
2286,43,16,,0.0,0
2287,43,16,,0.0,0
2288,43,16,,0.0,0
2289,43,16,,0.0,0
2290,43,16,,0.0,0
2291,43,16,,0.0,0
2292,43,16,,0.0,0
2293,43,16,,0.0,0
2294,43,16,,0.0,0
2295,43,16,,0.0,0
2296,43,16,,0.0,0
2297,43,16,,0.0,0
2298,44,16,1,99.0,7
2299,44,16,2,73.0,5
2300,44,16,3,69.0,3
2301,44,16,4,52.0,1
2302,44,16,5,20.0,0
2303,44,16,6,16.0,0
2304,44,16,7,13.0,0
2305,44,16,8,12.0,0
2306,44,16,9,11.0,0
2307,44,16,10,10.0,0
2308,44,16,11,7.0,0
2309,44,16,12,7.0,0
2310,44,16,13,5.0,0
2311,44,16,14,5.0,0
2312,44,16,15,4.0,0
2313,44,16,16,4.0,0
2314,44,16,17,2.0,0
2315,44,16,18,2.0,0
2316,44,16,19,2.0,0
2317,44,16,20,1.0,0
2318,44,16,21,1.0,0
2319,44,16,22,1.0,0
2320,44,16,,0.0,0
2321,44,16,,0.0,0
2322,44,16,,0.0,0
2323,44,16,,0.0,0
2324,44,16,,0.0,0
2325,44,16,,0.0,0
2326,44,16,,0.0,0
2327,44,16,,0.0,0
2328,44,16,,0.0,0
2329,44,16,,0.0,0
2330,44,16,,0.0,0
2331,44,16,,0.0,0
2332,44,16,,0.0,0
2333,45,16,1,92.0,8
2334,45,16,2,91.0,6
2335,45,16,3,41.0,1
2336,45,16,4,26.0,0
2337,45,16,5,24.0,0
2338,45,16,6,19.0,0
2339,45,16,7,16.0,0
2340,45,16,8,14.0,0
2341,45,16,9,13.0,1
2342,45,16,10,10.0,0
2343,45,16,11,9.0,0
2344,45,16,12,8.0,0
2345,45,16,13,7.0,0
2346,45,16,14,6.0,0
2347,45,16,15,6.0,0
2348,45,16,16,6.0,0
2349,45,16,17,5.0,0
2350,45,16,18,4.0,0
2351,45,16,19,4.0,0
2352,45,16,20,4.0,0
2353,45,16,21,4.0,0
2354,45,16,22,3.0,0
2355,45,16,23,2.0,0
2356,45,16,24,1.0,0
2357,45,16,25,1.0,0
2358,45,16,,0.0,0
2359,45,16,,0.0,0
2360,45,16,,0.0,0
2361,45,16,,0.0,0
2362,45,16,,0.0,0
2363,45,16,,0.0,0
2364,45,16,,0.0,0
2365,45,16,,0.0,0
2366,45,16,,0.0,0
2367,45,16,,0.0,0
2368,45,16,,0.0,0
2369,45,16,,0.0,0
2370,45,16,,0.0,0
2371,45,16,,0.0,0
2372,45,16,,0.0,0
2373,45,16,,0.0,0
2374,45,16,,0.0,0
2375,45,16,,0.0,0
2376,45,16,,0.0,0
2377,45,16,,0.0,0
2378,45,16,,0.0,0
2379,46,17,1,102.0,9
2380,46,17,2,69.0,4
2381,46,17,3,49.0,1
2382,46,17,4,45.0,2
2383,46,17,5,42.0,1
2384,46,17,6,31.0,0
2385,46,17,7,17.0,0
2386,46,17,8,16.0,0
2387,46,17,9,15.0,0
2388,46,17,10,13.0,0
2389,46,17,11,11.0,0
2390,46,17,12,10.0,0
2391,46,17,13,7.0,0
2392,46,17,14,5.0,0
2393,46,17,15,5.0,0
2394,46,17,16,3.0,0
2395,46,17,17,1.0,0
2396,46,17,18,1.0,0
2397,46,17,,0.0,0
2398,46,17,,0.0,0
2399,46,17,,0.0,0
2400,46,17,,0.0,0
2401,46,17,,0.0,0
2402,46,17,,0.0,0
2403,46,17,,0.0,0
2404,46,17,,0.0,0
2405,46,17,,0.0,0
2406,46,17,,0.0,0
2407,46,17,,0.0,0
2408,46,17,,0.0,0
2409,46,17,,0.0,0
2410,46,17,,0.0,0
2411,46,17,,0.0,0
2412,46,17,,0.0,0
2413,46,17,,0.0,0
2414,47,16,1,97.0,8
2415,47,16,2,78.0,4
2416,47,16,3,59.0,3
2417,47,16,4,47.0,0
2418,47,16,5,31.0,0
2419,47,16,6,21.0,0
2420,47,16,7,18.0,0
2421,47,16,8,14.0,0
2422,47,16,9,13.0,1
2423,47,16,10,11.0,0
2424,47,16,11,8.0,0
2425,47,16,12,7.0,0
2426,47,16,13,5.0,0
2427,47,16,14,4.0,0
2428,47,16,15,2.0,0
2429,47,16,16,1.0,0
2430,47,16,,0.0,0
2431,47,16,,0.0,0
2432,47,16,,0.0,0
2433,47,16,,0.0,0
2434,47,16,,0.0,0
2435,47,16,,0.0,0
2436,47,16,,0.0,0
2437,47,16,,0.0,0
2438,48,17,1,81.0,7
2439,48,17,2,42.0,1
2440,48,17,3,36.0,2
2441,48,17,4,36.0,0
2442,48,17,5,27.0,1
2443,48,17,6,27.0,1
2444,48,17,7,24.0,0
2445,48,17,8,20.0,0
2446,48,17,9,16.0,0
2447,48,17,10,15.0,0
2448,48,17,11,13.0,0
2449,48,17,12,7.0,0
2450,48,17,13,6.0,0
2451,48,17,14,4.0,0
2452,48,17,15,3.0,0
2453,48,17,16,2.0,0
2454,48,17,17,2.0,0
2455,48,17,18,2.0,0
2456,48,17,19,1.0,0
2457,48,17,,78.0,5
2458,48,17,,0.0,0
2459,48,17,,0.0,0
2460,48,17,,0.0,0
2461,48,17,,0.0,0
2462,48,17,,0.0,0
2463,48,17,,0.0,0
2464,48,17,,0.0,0
2465,48,17,,0.0,0
2466,49,16,1,100.0,8
2467,49,16,2,86.0,6
2468,49,16,3,56.0,1
2469,49,16,4,47.0,0
2470,49,16,5,21.0,0
2471,49,16,6,20.0,1
2472,49,16,7,17.0,0
2473,49,16,8,17.0,0
2474,49,16,9,16.0,0
2475,49,16,10,14.0,0
2476,49,16,11,9.0,0
2477,49,16,12,4.0,0
2478,49,16,13,3.0,0
2479,49,16,14,3.0,0
2480,49,16,15,1.0,0
2481,49,16,16,1.0,0
2482,49,16,17,1.0,0
2483,49,16,,0.0,0
2484,49,16,,0.0,0
2485,49,16,,0.0,0
2486,49,16,,0.0,0
2487,49,16,,0.0,0
2488,49,16,,0.0,0
2489,50,16,1,76.0,5
2490,50,16,2,74.0,4
2491,50,16,3,54.0,2
2492,50,16,4,48.0,2
2493,50,16,5,44.0,2
2494,50,16,6,35.0,0
2495,50,16,7,21.0,0
2496,50,16,8,15.0,1
2497,50,16,9,13.0,0
2498,50,16,10,10.0,0
2499,50,16,11,7.0,0
2500,50,16,12,7.0,0
2501,50,16,13,3.0,0
2502,50,16,14,3.0,0
2503,50,16,15,2.0,0
2504,50,16,16,2.0,0
2505,50,16,17,1.0,0
2506,50,16,18,1.0,0
2507,50,16,,0.0,0
2508,50,16,,0.0,0
2509,50,16,,0.0,0
2510,50,16,,0.0,0
2511,50,16,,0.0,0
2512,50,16,,0.0,0
2513,51,17,1,108.0,9
2514,51,17,2,89.0,4
2515,51,17,3,73.0,3
2516,51,17,4,62.0,1
2517,51,17,5,24.0,0
2518,51,17,6,18.0,0
2519,51,17,7,17.0,0
2520,51,17,8,12.0,0
2521,51,17,9,11.0,0
2522,51,17,10,6.0,0
2523,51,17,11,6.0,0
2524,51,17,12,5.0,0
2525,51,17,13,4.0,0
2526,51,17,14,3.0,0
2527,51,17,15,2.0,0
2528,51,17,16,2.0,0
2529,51,17,,0.0,0
2530,51,17,,0.0,0
2531,51,17,,0.0,0
2532,51,17,,0.0,0
2533,51,17,,0.0,0
2534,51,17,,0.0,0
2535,51,17,,0.0,0
2536,52,17,1,123.0,9
2537,52,17,2,65.0,2
2538,52,17,3,56.0,0
2539,52,17,4,49.0,3
2540,52,17,5,37.0,2
2541,52,17,6,31.0,1
2542,52,17,7,12.0,0
2543,52,17,8,12.0,0
2544,52,17,9,12.0,0
2545,52,17,10,9.0,0
2546,52,17,11,8.0,0
2547,52,17,12,6.0,0
2548,52,17,13,6.0,0
2549,52,17,14,5.0,0
2550,52,17,15,5.0,0
2551,52,17,16,3.0,0
2552,52,17,17,2.0,0
2553,52,17,18,1.0,0
2554,52,17,,0.0,0
2555,52,17,,0.0,0
2556,52,17,,0.0,0
2557,52,17,,0.0,0
2558,52,17,,0.0,0
2559,52,17,,0.0,0
2560,52,17,,0.0,0
2561,52,17,,0.0,0
2562,53,17,1,144.0,11
2563,53,17,2,77.0,4
2564,53,17,3,50.0,0
2565,53,17,4,42.0,1
2566,53,17,5,41.0,1
2567,53,17,6,24.0,0
2568,53,17,7,14.0,0
2569,53,17,8,9.0,0
2570,53,17,9,8.0,0
2571,53,17,10,7.0,0
2572,53,17,11,7.0,0
2573,53,17,12,4.0,0
2574,53,17,13,4.0,0
2575,53,17,14,3.0,0
2576,53,17,15,2.0,0
2577,53,17,16,2.0,0
2578,53,17,17,2.0,0
2579,53,17,18,2.0,0
2580,53,17,19,0.0,0
2581,53,17,20,0.0,0
2582,53,17,21,0.0,0
2583,53,17,22,0.0,0
2584,53,17,,0.0,0
2585,54,16,1,93.0,6
2586,54,16,2,91.0,1
2587,54,16,3,82.0,2
2588,54,16,4,65.0,2
2589,54,16,5,58.0,2
2590,54,16,6,55.0,1
2591,54,16,7,51.0,1
2592,54,16,8,33.0,0
2593,54,16,9,17.0,0
2594,54,16,10,17.0,0
2595,54,16,11,13.0,0
2596,54,16,12,12.0,1
2597,54,16,13,10.0,0
2598,54,16,14,6.0,0
2599,54,16,15,6.0,0
2600,54,16,16,6.0,0
2601,54,16,17,4.0,0
2602,54,16,18,3.0,0
2603,54,16,19,1.0,0
2604,54,16,20,1.0,0
2605,54,16,21,0.0,0
2606,54,16,22,0.0,0
2607,54,16,23,0.0,0
2608,54,16,24,0.0,0
2609,55,18,1,148.0,13
2610,55,18,2,114.0,2
2611,55,18,3,85.0,0
2612,55,18,4,59.0,0
2613,55,18,5,58.0,1
2614,55,18,6,46.0,1
2615,55,18,7,45.0,1
2616,55,18,8,34.0,0
2617,55,18,9,24.0,0
2618,55,18,10,24.0,0
2619,55,18,11,22.0,0
2620,55,18,12,12.0,0
2621,55,18,13,7.0,0
2622,55,18,14,6.0,0
2623,55,18,15,6.0,0
2624,55,18,16,3.0,0
2625,55,18,17,3.0,0
2626,55,18,18,3.0,0
2627,55,18,19,2.0,0
2628,55,18,20,1.0,0
2629,55,18,21,0.0,0
2630,55,18,22,0.0,0
2631,55,18,23,0.0,0
2632,55,18,24,0.0,0
2633,55,18,25,0.0,0
2634,56,19,1,133.0,7
2635,56,19,2,112.0,7
2636,56,19,3,62.0,1
2637,56,19,4,60.0,3
2638,56,19,5,58.0,1
2639,56,19,6,45.0,0
2640,56,19,7,43.0,0
2641,56,19,8,38.0,0
2642,56,19,9,37.0,0
2643,56,19,10,36.0,0
2644,56,19,11,28.0,0
2645,56,19,12,24.0,0
2646,56,19,13,11.0,0
2647,56,19,14,9.0,0
2648,56,19,15,9.0,0
2649,56,19,16,7.0,0
2650,56,19,17,6.0,0
2651,56,19,18,5.0,0
2652,56,19,19,4.0,0
2653,56,19,20,4.0,0
2654,56,19,21,3.0,0
2655,56,19,22,2.0,0
2656,56,19,23,1.0,0
2657,56,19,24,1.0,0
2658,56,19,25,0.0,0
2659,56,19,,0.0,0
2660,56,19,,0.0,0
2661,57,18,1,134.0,7
2662,57,18,2,121.0,7
2663,57,18,3,80.0,2
2664,57,18,4,72.0,1
2665,57,18,5,65.0,0
2666,57,18,6,56.0,1
2667,57,18,7,30.0,0
2668,57,18,8,26.0,0
2669,57,18,9,23.0,0
2670,57,18,10,20.0,0
2671,57,18,11,19.0,0
2672,57,18,12,15.0,0
2673,57,18,13,14.0,0
2674,57,18,14,7.0,0
2675,57,18,15,7.0,0
2676,57,18,16,6.0,0
2677,57,18,17,4.0,0
2678,57,18,18,2.0,0
2679,57,18,19,1.0,0
2680,57,18,20,0.0,0
2681,57,18,21,0.0,0
2682,57,18,22,0.0,0
2683,57,18,23,0.0,0
2684,57,18,24,0.0,0
2685,57,18,25,0.0,0
2686,57,18,26,0.0,0
2687,57,18,27,0.0,0
2688,58,17,1,110.0,6
2689,58,17,2,109.0,4
2690,58,17,3,109.0,4
2691,58,17,4,94.0,3
2692,58,17,5,61.0,0
2693,58,17,6,39.0,0
2694,58,17,7,30.0,0
2695,58,17,8,21.0,0
2696,58,17,9,20.0,0
2697,58,17,10,14.0,0
2698,58,17,11,13.0,0
2699,58,17,12,10.0,0
2700,58,17,13,8.0,0
2701,58,17,14,6.0,0
2702,58,17,15,6.0,0
2703,58,17,16,5.0,0
2704,58,17,17,4.0,0
2705,58,17,18,3.0,0
2706,58,17,19,1.0,0
2707,58,17,20,0.0,0
2708,58,17,21,0.0,0
2709,58,17,22,0.0,0
2710,58,17,23,0.0,0
2711,58,17,24,0.0,0
2712,58,17,25,0.0,0
2713,58,17,,0.0,0
2714,59,18,1,98.0,5
2715,59,18,2,97.0,6
2716,59,18,3,75.0,2
2717,59,18,4,75.0,1
2718,59,18,5,61.0,2
2719,59,18,6,60.0,0
2720,59,18,7,53.0,1
2721,59,18,8,35.0,1
2722,59,18,9,31.0,0
2723,59,18,10,25.0,0
2724,59,18,11,21.0,0
2725,59,18,12,19.0,0
2726,59,18,13,17.0,0
2727,59,18,14,11.0,0
2728,59,18,15,9.0,0
2729,59,18,16,8.0,0
2730,59,18,17,4.0,0
2731,59,18,18,3.0,0
2732,59,18,19,0.0,0
2733,59,18,20,0.0,0
2734,59,18,21,0.0,0
2735,59,18,22,0.0,0
2736,60,17,1,95.0,6
2737,60,17,2,84.0,4
2738,60,17,3,77.0,2
2739,60,17,4,69.5,2
2740,60,17,5,49.0,2
2741,60,17,6,48.0,1
2742,60,17,7,34.5,0
2743,60,17,8,32.5,0
2744,60,17,9,26.0,0
2745,60,17,10,24.0,0
2746,60,17,11,22.0,0
2747,60,17,12,22.0,0
2748,60,17,13,19.0,0
2749,60,17,14,17.0,0
2750,60,17,15,8.0,0
2751,60,17,16,6.0,0
2752,60,17,17,5.0,0
2753,60,17,18,3.0,0
2754,60,17,19,2.0,0
2755,60,17,20,0.0,0
2756,60,17,21,0.0,0
2757,60,17,22,0.0,0
2758,60,17,23,0.0,0
2759,60,17,24,0.0,0
2760,60,17,25,0.0,0
2761,61,19,1,256.0,5
2762,61,19,2,252.0,5
2763,61,19,3,242.0,4
2764,61,19,4,240.0,3
2765,61,19,5,214.0,2
2766,61,19,6,144.0,0
2767,61,19,7,142.0,0
2768,61,19,8,136.0,0
2769,61,19,9,72.0,0
2770,61,19,10,47.0,0
2771,61,19,11,47.0,0
2772,61,19,12,32.0,0
2773,61,19,13,27.0,0
2774,61,19,14,22.0,0
2775,61,19,15,21.0,0
2776,61,19,16,8.0,0
2777,61,19,17,6.0,0
2778,61,19,18,6.0,0
2779,61,19,19,5.0,0
2780,61,19,20,0.0,0
2781,61,19,21,0.0,0
2782,61,19,22,0.0,0
2783,61,19,23,0.0,0
2784,61,19,24,0.0,0
2785,61,19,25,0.0,0
2786,61,19,26,0.0,0
2787,61,19,27,0.0,0
2788,62,19,1,392.0,11
2789,62,19,2,270.0,3
2790,62,19,3,258.0,1
2791,62,19,4,257.0,1
2792,62,19,5,227.0,3
2793,62,19,6,118.0,0
2794,62,19,7,89.0,0
2795,62,19,8,76.0,0
2796,62,19,9,42.0,0
2797,62,19,10,37.0,0
2798,62,19,11,34.0,0
2799,62,19,12,30.0,0
2800,62,19,13,27.0,0
2801,62,19,14,26.0,0
2802,62,19,15,15.0,0
2803,62,19,16,14.0,0
2804,62,19,17,4.0,0
2805,62,19,18,2.0,0
2806,62,19,19,1.0,0
2807,62,19,20,0.0,0
2808,62,19,21,0.0,0
2809,62,19,22,0.0,0
2810,62,19,23,0.0,0
2811,62,19,24,0.0,0
2812,62,19,25,0.0,0
2813,62,19,26,0.0,0
2814,62,19,27,0.0,0
2815,62,19,28,0.0,0
2816,63,20,1,281.0,5
2817,63,20,2,278.0,3
2818,63,20,3,207.0,1
2819,63,20,4,190.0,4
2820,63,20,5,188.0,3
2821,63,20,6,179.0,2
2822,63,20,7,122.0,0
2823,63,20,8,96.0,0
2824,63,20,9,93.0,1
2825,63,20,10,66.0,0
2826,63,20,11,63.0,0
2827,63,20,12,60.0,0
2828,63,20,13,49.0,0
2829,63,20,14,46.0,0
2830,63,20,15,45.0,1
2831,63,20,16,31.0,0
2832,63,20,17,16.0,0
2833,63,20,18,10.0,0
2834,63,20,19,0.0,0
2835,63,20,20,0.0,0
2836,63,20,21,0.0,0
2837,63,20,22,0.0,0
2838,63,20,23,0.0,0
2839,63,20,24,0.0,0
2840,63,20,25,0.0,0
2841,64,19,1,397.0,13
2842,64,19,2,242.0,2
2843,64,19,3,199.0,0
2844,64,19,4,189.0,1
2845,64,19,5,183.0,1
2846,64,19,6,171.0,2
2847,64,19,7,132.0,0
2848,64,19,8,112.0,0
2849,64,19,9,73.0,0
2850,64,19,10,51.0,0
2851,64,19,11,49.0,0
2852,64,19,12,48.0,0
2853,64,19,13,29.0,0
2854,64,19,14,20.0,0
2855,64,19,15,13.0,0
2856,64,19,16,6.0,0
2857,64,19,17,4.0,0
2858,64,19,18,1.0,0
2859,64,19,19,0.0,0
2860,64,19,20,0.0,0
2861,64,19,21,0.0,0
2862,64,19,22,0.0,0
2863,64,19,23,0.0,0
2864,65,19,1,384.0,11
2865,65,19,2,317.0,5
2866,65,19,3,238.0,3
2867,65,19,4,186.0,0
2868,65,19,5,167.0,0
2869,65,19,6,161.0,0
2870,65,19,7,134.0,0
2871,65,19,8,126.0,0
2872,65,19,9,96.0,0
2873,65,19,10,59.0,0
2874,65,19,11,55.0,0
2875,65,19,12,55.0,0
2876,65,19,13,22.0,0
2877,65,19,14,8.0,0
2878,65,19,15,8.0,0
2879,65,19,16,2.0,0
2880,65,19,17,2.0,0
2881,65,19,18,0.0,0
2882,65,19,19,0.0,0
2883,65,19,20,0.0,0
2884,65,19,21,0.0,0
2885,65,19,22,0.0,0
2886,65,19,23,0.0,0
2887,65,19,,0.0,0
2888,66,19,1,381.0,10
2889,66,19,2,322.0,6
2890,66,19,3,278.0,3
2891,66,19,4,150.0,0
2892,66,19,5,136.0,0
2893,66,19,6,121.0,0
2894,66,19,7,95.0,0
2895,66,19,8,92.0,0
2896,66,19,9,78.0,0
2897,66,19,10,58.0,0
2898,66,19,11,51.0,0
2899,66,19,12,49.0,0
2900,66,19,13,27.0,0
2901,66,19,14,27.0,0
2902,66,19,15,18.0,0
2903,66,19,16,16.0,0
2904,66,19,17,11.0,0
2905,66,19,18,9.0,0
2906,66,19,19,0.0,0
2907,66,19,20,0.0,0
2908,66,19,21,0.0,0
2909,66,19,,0.0,0
2910,67,21,1,385.0,9
2911,67,21,2,380.0,10
2912,67,21,3,256.0,1
2913,67,21,4,212.0,0
2914,67,21,5,204.0,1
2915,67,21,6,186.0,0
2916,67,21,7,101.0,0
2917,67,21,8,85.0,0
2918,67,21,9,72.0,0
2919,67,21,10,54.0,0
2920,67,21,11,53.0,0
2921,67,21,12,46.0,0
2922,67,21,13,29.0,0
2923,67,21,14,25.0,0
2924,67,21,15,21.0,0
2925,67,21,16,7.0,0
2926,67,21,17,2.0,0
2927,67,21,18,1.0,0
2928,67,21,19,1.0,0
2929,67,21,20,1.0,0
2930,67,21,21,0.0,0
2931,67,21,22,0.0,0
2932,67,21,23,0.0,0
2933,67,21,24,0.0,0
2934,68,20,1,363.0,9
2935,68,20,2,317.0,5
2936,68,20,3,305.0,3
2937,68,20,4,205.0,0
2938,68,20,5,200.0,1
2939,68,20,6,168.0,2
2940,68,20,7,100.0,0
2941,68,20,8,87.0,0
2942,68,20,9,54.0,0
2943,68,20,10,43.0,0
2944,68,20,11,43.0,0
2945,68,20,12,40.0,0
2946,68,20,13,28.0,0
2947,68,20,14,19.0,0
2948,68,20,15,17.0,0
2949,68,20,16,13.0,0
2950,68,20,17,8.0,0
2951,68,20,18,5.0,0
2952,68,20,19,5.0,0
2953,68,20,20,0.0,0
2954,68,20,21,0.0,0
2955,68,20,22,0.0,0
2956,68,20,23,0.0,0
2957,68,20,,0.0,0
2958,68,20,,0.0,0
2959,69,21,1,408.0,11
2960,69,21,2,320.0,5
2961,69,21,3,251.0,1
2962,69,21,4,249.0,2
2963,69,21,5,247.0,0
2964,69,21,6,170.0,2
2965,69,21,7,69.0,0
2966,69,21,8,62.0,0
2967,69,21,9,56.0,0
2968,69,21,10,53.0,0
2969,69,21,11,50.0,0
2970,69,21,12,49.0,0
2971,69,21,13,39.0,0
2972,69,21,14,37.0,0
2973,69,21,15,29.0,0
2974,69,21,16,12.0,0
2975,69,21,17,9.0,0
2976,69,21,18,6.0,0
2977,69,21,19,4.0,0
2978,69,21,20,1.0,0
2979,70,21,1,413.0,11
2980,70,21,2,326.0,4
2981,70,21,3,278.0,3
2982,70,21,4,264.0,2
2983,70,21,5,240.0,1
2984,70,21,6,96.0,0
2985,70,21,7,95.0,0
2986,70,21,8,92.0,0
2987,70,21,9,54.0,0
2988,70,21,10,52.0,0
2989,70,21,11,49.0,0
2990,70,21,12,43.0,0
2991,70,21,13,37.0,0
2992,70,21,14,37.0,0
2993,70,21,15,21.0,0
2994,70,21,16,20.0,0
2995,70,21,17,14.0,0
2996,70,21,18,8.0,0
2997,70,21,19,1.0,0
2998,70,21,20,0.0,0
2999,71,17,1,347.0,11
3000,71,17,2,223.0,2
3001,71,17,3,214.0,2
3002,71,17,4,125.0,1
3003,71,17,5,119.0,0
3004,71,17,6,105.0,0
3005,71,17,7,105.0,0
3006,71,17,8,98.0,0
3007,71,17,9,97.0,0
3008,71,17,10,75.0,1
3009,71,17,11,75.0,0
3010,71,17,12,62.0,0
3011,71,17,13,33.0,0
3012,71,17,14,32.0,0
3013,71,17,15,10.0,0
3014,71,17,16,4.0,0
3015,71,17,17,4.0,0
3016,71,17,18,3.0,0
3017,71,17,19,2.0,0
3018,71,17,20,1.0,0
3019,71,17,21,0.0,0
3020,71,17,22,0.0,0
3021,71,17,23,0.0,0
3022,72,22,1,395.5,10
3023,72,22,2,387.5,8
3024,72,22,3,226.0,1
3025,72,22,4,190.0,1
3026,72,22,5,164.5,0
3027,72,22,6,160.0,0
3028,72,22,7,159.0,0
3029,72,22,8,115.0,1
3030,72,22,9,110.0,0
3031,72,22,10,81.0,0
3032,72,22,11,74.0,1
3033,72,22,12,43.0,0
3034,72,22,13,34.0,0
3035,72,22,14,32.0,0
3036,72,22,15,16.0,0
3037,72,22,16,10.0,0
3038,72,22,17,7.0,0
3039,72,22,18,3.0,0
3040,72,22,19,0.0,0
3041,72,22,20,0.0,0
3042,72,22,21,0.0,0
3043,73,22,1,454.0,15
3044,73,22,2,308.0,3
3045,73,22,3,305.0,2
3046,73,22,4,275.0,1
3047,73,22,5,246.0,1
3048,73,22,6,240.0,0
3049,73,22,7,122.0,0
3050,73,22,8,92.0,0
3051,73,22,9,81.0,0
3052,73,22,10,49.0,0
3053,73,22,11,37.0,0
3054,73,22,12,37.0,0
3055,73,22,13,25.0,0
3056,73,22,14,23.0,0
3057,73,22,15,18.0,0
3058,73,22,16,12.0,0
3059,73,22,17,12.0,0
3060,73,22,18,6.0,0
3061,73,22,19,4.0,0
3062,73,22,20,2.0,0
3063,73,22,21,2.0,0
3064,73,22,22,0.0,0
3065,74,22,1,575.0,19
3066,74,22,2,285.0,2
3067,74,22,3,234.0,0
3068,74,22,4,206.0,0
3069,74,22,5,206.0,0
3070,74,22,6,205.0,0
3071,74,22,7,200.0,1
3072,74,22,8,175.0,0
3073,74,22,9,97.0,0
3074,74,22,10,74.0,0
3075,74,22,11,62.0,0
3076,74,22,12,58.0,0
3077,74,22,13,27.0,0
3078,74,22,14,17.0,0
3079,74,22,15,10.0,0
3080,74,22,16,9.0,0
3081,74,22,17,6.0,0
3082,74,22,18,6.0,0
3083,74,22,19,3.0,0
3084,74,22,20,2.0,0
3085,74,22,21,1.0,0
3086,74,22,22,0.0,0
3087,75,24,1,437.0,9
3088,75,24,2,374.0,4
3089,75,24,3,356.0,3
3090,75,24,4,292.0,2
3091,75,24,5,290.0,2
3092,75,24,6,245.0,2
3093,75,24,7,223.0,2
3094,75,24,8,152.0,0
3095,75,24,9,70.0,0
3096,75,24,10,42.0,0
3097,75,24,11,41.0,0
3098,75,24,12,30.0,0
3099,75,24,13,24.0,0
3100,75,24,14,23.0,0
3101,75,24,15,16.0,0
3102,75,24,16,12.0,0
3103,75,24,17,12.0,0
3104,75,24,18,7.0,0
3105,75,24,19,5.0,0
3106,75,24,20,4.0,0
3107,75,24,21,4.0,0
3108,75,24,22,0.0,0
3109,75,24,23,0.0,0
3110,75,24,24,0.0,0
3111,76,21,1,408.0,7
3112,76,21,2,396.0,7
3113,76,21,3,392.0,7
3114,76,21,4,309.0,2
3115,76,21,5,230.0,0
3116,76,21,6,152.0,0
3117,76,21,7,150.0,0
3118,76,21,8,73.0,0
3119,76,21,9,64.0,0
3120,76,21,10,51.0,0
3121,76,21,11,49.0,0
3122,76,21,12,48.0,0
3123,76,21,13,41.0,0
3124,76,21,14,38.0,0
3125,76,21,15,33.0,0
3126,76,21,16,32.0,0
3127,76,21,17,32.0,0
3128,76,21,18,22.0,0
3129,76,21,19,19.0,0
3130,76,21,20,0.0,0
3131,76,21,21,0.0,0
3132,1,7,,0.0,6
3133,1,7,,0.0,1
3134,1,7,,0.0,0
3135,1,7,,0.0,0
3136,1,7,,0.0,0
3137,1,7,,0.0,0
3138,1,7,,0.0,0
3139,1,7,,0.0,0
3140,1,7,,0.0,0
3141,1,7,,0.0,0
3142,1,7,,0.0,0
3143,1,7,,0.0,0
3144,1,7,,0.0,0
3145,1,7,,0.0,0
3146,1,7,,0.0,0
3147,1,7,,0.0,0
3148,1,7,,0.0,0
3149,1,7,,0.0,0
3150,1,7,,0.0,0
3151,1,7,,0.0,0
3152,1,7,,0.0,0
3153,1,7,,0.0,0
3154,1,7,,0.0,0
3155,1,7,,0.0,0
3156,2,8,,0.0,5
3157,2,8,,0.0,3
3158,2,8,,0.0,1
3159,2,8,,0.0,0
3160,2,8,,0.0,0
3161,2,8,,0.0,0
3162,2,8,,0.0,0
3163,2,8,,0.0,0
3164,2,8,,0.0,0
3165,2,8,,0.0,0
3166,2,8,,0.0,0
3167,2,8,,0.0,0
3168,2,8,,0.0,0
3169,2,8,,0.0,0
3170,2,8,,0.0,0
3171,2,8,,0.0,0
3172,2,8,,0.0,0
3173,2,8,,0.0,0
3174,2,8,,0.0,0
3175,2,8,,0.0,0
3176,2,8,,0.0,0
3177,2,8,,0.0,0
3178,2,8,,0.0,0
3179,2,8,,0.0,0
3180,3,8,,0.0,7
3181,3,8,,0.0,1
3182,3,8,,0.0,0
3183,3,8,,0.0,0
3184,3,8,,0.0,0
3185,3,8,,0.0,0
3186,3,8,,0.0,0
3187,3,8,,0.0,0
3188,3,8,,0.0,0
3189,3,8,,0.0,0
3190,3,8,,0.0,0
3191,3,8,,0.0,0
3192,3,8,,0.0,0
3193,3,8,,0.0,0
3194,3,8,,0.0,0
3195,3,8,,0.0,0
3196,3,8,,0.0,0
3197,3,8,,0.0,0
3198,3,8,,0.0,0
3199,3,8,,0.0,0
3200,3,8,,0.0,0
3201,3,8,,0.0,0
3202,3,8,,0.0,0
3203,3,8,,0.0,0
3204,3,8,,0.0,0
3205,4,9,,0.0,7
3206,4,9,,0.0,1
3207,4,9,,0.0,1
3208,4,9,,0.0,0
3209,4,9,,0.0,0
3210,4,9,,0.0,0
3211,4,9,,0.0,0
3212,4,9,,0.0,0
3213,4,9,,0.0,0
3214,4,9,,0.0,0
3215,4,9,,0.0,0
3216,4,9,,0.0,0
3217,4,9,,0.0,0
3218,4,9,,0.0,0
3219,4,9,,0.0,0
3220,4,9,,0.0,0
3221,4,9,,0.0,0
3222,4,9,,0.0,0
3223,4,9,,0.0,0
3224,4,9,,0.0,0
3225,4,9,,0.0,0
3226,6,7,,0.0,5
3227,6,7,,0.0,1
3228,6,7,,0.0,1
3229,6,7,,0.0,0
3230,6,7,,0.0,0
3231,6,7,,0.0,0
3232,6,7,,0.0,0
3233,6,7,,0.0,0
3234,6,7,,0.0,0
3235,6,7,,0.0,0
3236,6,7,,0.0,0
3237,6,7,,0.0,0
3238,6,7,,0.0,0
3239,6,7,,0.0,0
3240,6,7,,0.0,0
3241,6,7,,0.0,0
3242,6,7,,0.0,0
3243,6,7,,0.0,0
3244,6,7,,0.0,0
3245,7,8,,0.0,6
3246,7,8,,0.0,2
3247,7,8,,0.0,1
3248,7,8,,0.0,0
3249,7,8,,0.0,0
3250,7,8,,0.0,0
3251,7,8,,0.0,0
3252,7,8,,0.0,0
3253,7,8,,0.0,0
3254,7,8,,0.0,0
3255,7,8,,0.0,0
3256,7,8,,0.0,0
3257,7,8,,0.0,0
3258,7,8,,0.0,0
3259,7,8,,0.0,0
3260,8,8,,0.0,4
3261,8,8,,0.0,4
3262,8,8,,0.0,1
3263,8,8,,0.0,0
3264,8,8,,0.0,0
3265,8,8,,0.0,0
3266,8,8,,0.0,0
3267,8,8,,0.0,0
3268,8,8,,0.0,0
3269,8,8,,0.0,0
3270,8,8,,0.0,0
3271,8,8,,0.0,0
3272,8,8,,0.0,0
3273,8,8,,0.0,0
3274,9,11,1,48.0,6
3275,9,11,2,40.0,2
3276,9,11,3,31.0,2
3277,9,11,4,18.0,0
3278,9,11,5,6.0,0
3279,9,11,6,3.0,0
3280,9,11,,0.0,0
3281,9,11,,0.0,0
3282,10,9,1,40.0,5
3283,10,9,2,32.0,2
3284,10,9,3,18.0,1
3285,10,9,4,5.0,0
3286,10,9,,0.0,0
3287,10,9,,0.0,0
3288,10,9,,0.0,0
3289,10,9,,0.0,0
3290,10,9,,0.0,0
3291,10,9,,0.0,0
3292,10,9,,0.0,0
3293,10,9,,0.0,0
3294,10,9,,0.0,0
3295,10,9,,0.0,0
3296,10,9,,0.0,0
3297,11,10,1,48.0,6
3298,11,10,2,34.0,2
3299,11,10,3,26.0,1
3300,11,10,4,8.0,0
3301,11,10,5,3.0,0
3302,11,10,6,3.0,0
3303,11,10,7,1.0,0
3304,11,10,,0.0,0
3305,11,10,,0.0,0
3306,11,10,,0.0,0
3307,11,10,,0.0,0
3308,11,10,,0.0,0
3309,11,10,,0.0,0
3310,12,8,1,45.0,5
3311,12,8,2,35.0,3
3312,12,8,3,22.0,0
3313,12,8,4,14.0,0
3314,12,8,5,7.0,0
3315,12,8,,0.0,0
3316,12,8,,0.0,0
3317,12,8,,0.0,0
3318,12,8,,0.0,0
3319,12,8,,0.0,0
3320,12,8,,0.0,0
3321,12,8,,0.0,0
3322,12,8,,0.0,0
3323,12,8,,0.0,0
3324,13,9,1,42.0,4
3325,13,9,2,36.0,3
3326,13,9,3,29.0,1
3327,13,9,4,19.0,0
3328,13,9,5,18.0,1
3329,13,9,6,18.0,0
3330,13,9,7,6.0,0
3331,13,9,8,1.0,0
3332,13,9,,0.0,0
3333,13,9,,0.0,0
3334,13,9,,0.0,0
3335,13,9,,0.0,0
3336,13,9,,0.0,0
3337,13,9,,0.0,0
3338,13,9,,0.0,0
3339,13,9,,0.0,0
3340,13,9,,0.0,0
3341,14,10,1,54.0,7
3342,14,10,2,36.0,2
3343,14,10,3,28.0,0
3344,14,10,4,26.0,1
3345,14,10,5,25.0,0
3346,14,10,6,6.0,0
3347,14,10,7,5.0,0
3348,14,10,8,4.0,0
3349,14,10,,0.0,0
3350,14,10,,0.0,0
3351,14,10,,0.0,0
3352,14,10,,0.0,0
3353,14,10,,0.0,0
3354,14,10,,0.0,0
3355,14,10,,0.0,0
3356,14,10,,0.0,0
3357,14,10,,0.0,0
3358,14,10,,0.0,0
3359,14,10,,0.0,0
3360,14,10,,0.0,0
3361,15,10,1,45.0,3
3362,15,10,2,42.0,2
3363,15,10,3,37.0,3
3364,15,10,4,30.0,2
3365,15,10,5,16.0,0
3366,15,10,6,7.0,0
3367,15,10,7,5.0,0
3368,15,10,8,3.0,0
3369,15,10,,0.0,0
3370,15,10,,0.0,0
3371,15,10,,0.0,0
3372,15,10,,0.0,0
3373,15,10,,0.0,0
3374,16,10,1,54.0,6
3375,16,10,2,45.0,3
3376,16,10,3,27.0,0
3377,16,10,4,26.0,0
3378,16,10,5,14.0,0
3379,16,10,6,11.0,1
3380,16,10,7,5.0,0
3381,16,10,8,2.0,0
3382,16,10,,0.0,0
3383,16,10,,0.0,0
3384,16,10,,0.0,0
3385,16,10,,0.0,0
3386,16,10,,0.0,0
3387,17,9,1,42.0,4
3388,17,9,2,31.0,2
3389,17,9,3,30.0,1
3390,17,9,4,22.0,1
3391,17,9,5,13.0,1
3392,17,9,6,8.0,0
3393,17,9,7,4.0,0
3394,17,9,8,3.0,0
3395,17,9,9,2.0,0
3396,17,9,10,1.0,0
3397,17,9,11,1.0,0
3398,17,9,12,1.0,0
3399,17,9,,0.0,0
3400,17,9,,0.0,0
3401,17,9,,0.0,0
3402,18,11,1,67.0,4
3403,18,11,2,44.0,4
3404,18,11,3,28.0,1
3405,18,11,4,20.0,1
3406,18,11,5,20.0,0
3407,18,11,6,17.0,0
3408,18,11,7,13.0,1
3409,18,11,8,6.0,0
3410,18,11,9,6.0,0
3411,18,11,10,3.0,0
3412,18,11,11,2.0,0
3413,18,11,,0.0,0
3414,18,11,,0.0,0
3415,18,11,,0.0,0
3416,18,11,,0.0,0
3417,18,11,,0.0,0
3418,18,11,,0.0,0
3419,18,11,,0.0,0
3420,18,11,,0.0,0
3421,18,11,,0.0,0
3422,19,12,1,62.0,5
3423,19,12,2,49.0,3
3424,19,12,3,45.0,3
3425,19,12,4,32.0,1
3426,19,12,5,28.0,0
3427,19,12,6,14.0,0
3428,19,12,7,14.0,0
3429,19,12,8,10.0,0
3430,19,12,9,8.0,0
3431,19,12,10,3.0,0
3432,19,12,,0.0,0
3433,19,12,,0.0,0
3434,19,12,,0.0,0
3435,19,12,,0.0,0
3436,19,12,,0.0,0
3437,19,12,,0.0,0
3438,19,12,,0.0,0
3439,20,11,1,66.0,6
3440,20,11,2,51.0,2
3441,20,11,3,47.0,2
3442,20,11,4,38.0,1
3443,20,11,5,7.0,0
3444,20,11,6,7.0,0
3445,20,11,,0.0,0
3446,20,11,,0.0,0
3447,20,11,,0.0,0
3448,20,11,,0.0,0
3449,20,11,,0.0,0
3450,21,13,1,59.0,6
3451,21,13,2,55.0,4
3452,21,13,3,48.0,1
3453,21,13,4,35.0,1
3454,21,13,5,35.0,0
3455,21,13,6,23.0,1
3456,21,13,7,23.0,0
3457,21,13,8,3.0,0
3458,21,13,,0.0,0
3459,21,13,,0.0,0
3460,21,13,,0.0,0
3461,21,13,,0.0,0
3462,22,11,1,73.0,7
3463,22,11,2,36.0,2
3464,22,11,3,34.0,0
3465,22,11,4,33.0,2
3466,22,11,5,21.0,0
3467,22,11,6,10.0,0
3468,22,11,7,9.0,0
3469,22,11,8,8.0,0
3470,22,11,9,5.0,0
3471,22,11,,0.0,0
3472,22,11,,0.0,0
3473,22,11,,0.0,0
3474,23,12,1,61.0,5
3475,23,12,2,51.0,4
3476,23,12,3,49.0,1
3477,23,12,4,33.0,1
3478,23,12,5,18.0,0
3479,23,12,6,15.0,0
3480,23,12,7,14.0,1
3481,23,12,8,12.0,0
3482,23,12,9,7.0,0
3483,23,12,,0.0,0
3484,23,12,,0.0,0
3485,23,12,,0.0,0
3486,24,15,1,91.0,7
3487,24,15,2,80.0,5
3488,24,15,3,58.0,3
3489,24,15,4,22.0,0
3490,24,15,5,14.0,0
3491,24,15,6,12.0,0
3492,24,15,7,12.0,0
3493,24,15,8,9.0,0
3494,24,15,9,7.0,0
3495,24,15,10,2.0,0
3496,24,15,11,1.0,0
3497,24,15,,0.0,0
3498,25,15,1,72.0,4
3499,25,15,2,65.0,3
3500,25,15,3,51.0,2
3501,25,15,4,42.0,3
3502,25,15,5,35.0,3
3503,25,15,6,15.0,0
3504,25,15,7,10.0,0
3505,25,15,8,7.0,0
3506,25,15,9,6.0,0
3507,25,15,10,4.0,0
3508,25,15,11,3.0,0
3509,25,15,12,1.0,0
3510,25,15,,0.0,0
3511,25,15,,0.0,0
3512,25,15,,0.0,0
3513,25,15,,0.0,0
3514,25,15,,0.0,0
3515,25,15,,0.0,0
3516,26,14,1,72.5,6
3517,26,14,2,54.0,2
3518,26,14,3,53.0,3
3519,26,14,4,33.0,1
3520,26,14,5,25.0,1
3521,26,14,6,9.5,0
3522,26,14,7,9.0,0
3523,26,14,8,7.5,1
3524,26,14,9,6.0,0
3525,26,14,10,5.0,0
3526,26,14,11,3.0,0
3527,26,14,12,2.0,0
3528,26,14,13,1.0,0
3529,26,14,,0.0,0
3530,26,14,,0.0,0
3531,26,14,,0.0,0
3532,26,14,,0.0,0
3533,26,14,,0.0,0
3534,26,14,,0.0,0
3535,26,14,,0.0,0
3536,27,16,1,79.0,6
3537,27,16,2,71.0,6
3538,27,16,3,67.0,1
3539,27,16,4,29.0,1
3540,27,16,5,20.0,1
3541,27,16,6,20.0,0
3542,27,16,7,19.0,1
3543,27,16,8,10.0,0
3544,27,16,9,9.0,0
3545,27,16,10,7.0,0
3546,27,16,11,3.0,0
3547,27,16,12,2.0,0
3548,27,16,13,1.0,0
3549,27,16,,0.0,0
3550,27,16,,0.0,0
3551,27,16,,0.0,0
3552,27,16,,0.0,0
3553,27,16,,0.0,0
3554,27,16,,0.0,0
3555,27,16,,0.0,0
3556,28,17,1,84.0,4
3557,28,17,2,62.0,5
3558,28,17,3,56.0,3
3559,28,17,4,55.0,3
3560,28,17,5,27.0,0
3561,28,17,6,27.0,0
3562,28,17,7,23.0,1
3563,28,17,8,18.0,1
3564,28,17,9,11.0,0
3565,28,17,10,10.0,0
3566,28,17,11,6.0,0
3567,28,17,12,1.0,0
3568,28,17,,0.0,0
3569,28,17,,0.0,0
3570,28,17,,0.0,0
3571,28,17,,0.0,0
3572,28,17,,0.0,0
3573,28,17,,0.0,0
3574,28,17,,0.0,0
3575,29,16,1,86.0,8
3576,29,16,2,58.0,5
3577,29,16,3,53.0,2
3578,29,16,4,38.0,1
3579,29,16,5,24.0,0
3580,29,16,6,19.0,0
3581,29,16,7,17.0,0
3582,29,16,8,15.0,0
3583,29,16,9,11.0,0
3584,29,16,10,11.0,0
3585,29,16,11,6.0,0
3586,29,16,12,3.0,0
3587,29,16,13,1.0,0
3588,29,16,14,1.0,0
3589,29,16,,0.0,0
3590,29,16,,0.0,0
3591,29,16,,0.0,0
3592,29,16,,0.0,0
3593,29,16,,0.0,0
3594,30,15,1,113.0,6
3595,30,15,2,75.0,5
3596,30,15,3,61.0,3
3597,30,15,4,39.0,0
3598,30,15,5,28.0,0
3599,30,15,6,26.0,1
3600,30,15,7,15.0,0
3601,30,15,8,7.0,0
3602,30,15,9,5.0,0
3603,30,15,10,3.0,0
3604,30,15,11,2.0,0
3605,30,15,12,1.0,0
3606,30,15,,0.0,0
3607,30,15,,0.0,0
3608,30,15,,0.0,0
3609,30,15,,0.0,0
3610,30,15,,0.0,0
3611,30,15,,0.0,0
3612,30,15,,0.0,0
3613,31,14,1,120.0,6
3614,31,14,2,66.0,2
3615,31,14,3,55.0,3
3616,31,14,4,38.0,3
3617,31,14,5,14.0,0
3618,31,14,6,12.0,0
3619,31,14,7,11.0,0
3620,31,14,8,11.0,0
3621,31,14,9,11.0,0
3622,31,14,10,8.0,0
3623,31,14,11,4.0,0
3624,31,14,,0.0,0
3625,31,14,,0.0,0
3626,31,14,,0.0,0
3627,31,14,,0.0,0
3628,32,15,1,95.0,4
3629,32,15,2,61.0,3
3630,32,15,3,54.0,3
3631,32,15,4,44.0,2
3632,32,15,5,34.0,2
3633,32,15,6,28.0,1
3634,32,15,7,22.0,0
3635,32,15,8,10.0,0
3636,32,15,9,10.0,0
3637,32,15,10,10.0,0
3638,32,15,11,5.0,0
3639,32,15,12,1.0,0
3640,32,15,13,1.0,0
3641,32,15,,0.0,0
3642,32,15,,0.0,0
3643,32,15,,0.0,0
3644,32,15,,0.0,0
3645,33,16,1,74.0,3
3646,33,16,2,69.0,4
3647,33,16,3,62.0,4
3648,33,16,4,58.0,1
3649,33,16,5,41.0,2
3650,33,16,6,30.0,1
3651,33,16,7,25.0,1
3652,33,16,8,20.0,0
3653,33,16,9,7.0,0
3654,33,16,10,5.0,0
3655,33,16,11,4.0,0
3656,33,16,12,3.0,0
3657,33,16,13,1.0,0
3658,33,16,,0.0,0
3659,33,16,,0.0,0
3660,33,16,,0.0,0
3661,33,16,,0.0,0
3662,34,15,1,89.0,4
3663,34,15,2,79.0,4
3664,34,15,3,72.0,4
3665,34,15,4,38.0,1
3666,34,15,5,34.0,1
3667,34,15,6,18.0,0
3668,34,15,7,12.0,1
3669,34,15,8,12.0,0
3670,34,15,9,10.0,0
3671,34,15,10,4.0,0
3672,34,15,11,1.0,0
3673,34,15,,0.0,0
3674,34,15,,0.0,0
3675,34,15,,0.0,0
3676,34,15,,0.0,0
3677,34,15,,0.0,0
3678,35,16,1,143.5,12
3679,35,16,2,57.5,1
3680,35,16,3,47.0,0
3681,35,16,4,38.0,2
3682,35,16,5,34.0,0
3683,35,16,6,25.5,1
3684,35,16,7,16.0,0
3685,35,16,8,11.0,0
3686,35,16,9,6.0,0
3687,35,16,10,3.0,0
3688,35,16,11,2.0,0
3689,35,16,,0.0,0
3690,35,16,,0.0,0
3691,35,16,,0.0,0
3692,35,16,,0.0,0
3693,36,16,1,90.0,6
3694,36,16,2,82.0,2
3695,36,16,3,71.0,4
3696,36,16,4,71.0,3
3697,36,16,5,26.0,1
3698,36,16,6,23.0,0
3699,36,16,7,16.0,0
3700,36,16,8,14.0,0
3701,36,16,9,7.0,0
3702,36,16,,0.0,0
3703,36,16,,0.0,0
3704,36,16,,0.0,0
3705,36,16,,0.0,0
3706,36,16,,0.0,0
3707,36,16,,0.0,0
3708,36,16,,0.0,0
3709,36,16,,0.0,0
3710,37,16,1,141.0,9
3711,37,16,2,96.0,4
3712,37,16,3,58.0,2
3713,37,16,4,37.0,0
3714,37,16,5,29.0,0
3715,37,16,6,19.0,1
3716,37,16,7,11.0,0
3717,37,16,8,6.0,0
3718,37,16,9,2.0,0
3719,37,16,10,1.0,0
3720,37,16,,0.0,0
3721,37,16,,0.0,0
3722,37,16,,0.0,0
3723,37,16,,0.0,0
3724,38,16,1,137.0,9
3725,38,16,2,76.0,3
3726,38,16,3,64.0,2
3727,38,16,4,53.0,2
3728,38,16,5,28.0,0
3729,38,16,6,11.0,0
3730,38,16,7,11.0,0
3731,38,16,8,10.0,0
3732,38,16,9,3.0,0
3733,38,16,10,2.0,0
3734,38,16,11,1.0,0
3735,38,16,12,1.0,0
3736,38,16,13,1.0,0
3737,38,16,,0.0,0
3738,38,16,,0.0,0
3739,38,16,,0.0,0
3740,39,16,1,199.0,15
3741,39,16,2,65.0,1
3742,39,16,3,39.0,0
3743,39,16,4,23.0,0
3744,39,16,5,23.0,0
3745,39,16,6,22.0,0
3746,39,16,7,20.0,0
3747,39,16,8,5.0,0
3748,39,16,9,3.0,0
3749,39,16,10,1.0,0
3750,39,16,,0.0,0
3751,39,16,,0.0,0
3752,39,16,,0.0,0
3753,39,16,,0.0,0
3754,39,16,,0.0,0
3755,39,16,,0.0,0
3756,39,16,,0.0,0
3757,39,16,,0.0,0
3758,40,16,1,141.0,10
3759,40,16,2,77.0,2
3760,40,16,3,59.0,3
3761,40,16,4,39.0,1
3762,40,16,5,16.0,0
3763,40,16,6,15.0,0
3764,40,16,7,13.0,0
3765,40,16,8,8.0,0
3766,40,16,9,8.0,0
3767,40,16,10,6.0,0
3768,40,16,11,6.0,0
3769,40,16,12,4.0,0
3770,40,16,13,3.0,0
3771,40,16,14,3.0,0
3772,40,16,15,1.0,0
3773,40,16,16,1.0,0
3774,40,16,,0.0,0
3775,40,16,,0.0,0
3776,40,16,,0.0,0
3777,40,16,,0.0,0
3778,41,16,1,121.0,6
3779,41,16,2,110.0,6
3780,41,16,3,71.0,2
3781,41,16,4,57.0,2
3782,41,16,5,16.0,0
3783,41,16,6,11.0,0
3784,41,16,7,7.0,0
3785,41,16,8,3.0,0
3786,41,16,9,2.0,0
3787,41,16,10,2.0,0
3788,41,16,,0.0,0
3789,41,16,,0.0,0
3790,41,16,,0.0,0
3791,41,16,,0.0,0
3792,41,16,,0.0,0
3793,41,16,,0.0,0
3794,41,16,,0.0,0
3795,41,16,,0.0,0
3796,41,16,,0.0,0
3797,42,16,1,139.0,8
3798,42,16,2,125.0,7
3799,42,16,3,55.5,0
3800,42,16,4,38.5,1
3801,42,16,5,13.0,0
3802,42,16,6,12.0,0
3803,42,16,7,6.0,0
3804,42,16,8,5.0,0
3805,42,16,9,3.0,0
3806,42,16,10,3.0,0
3807,42,16,11,1.0,0
3808,42,16,12,1.0,0
3809,42,16,13,1.0,0
3810,42,16,,0.0,0
3811,42,16,,0.0,0
3812,42,16,,0.0,0
3813,42,16,,0.0,0
3814,42,16,,0.0,0
3815,42,16,,0.0,0
3816,43,16,1,164.0,10
3817,43,16,2,99.0,5
3818,43,16,3,91.0,1
3819,43,16,4,21.0,0
3820,43,16,5,13.0,0
3821,43,16,6,8.0,0
3822,43,16,7,6.0,0
3823,43,16,8,6.0,0
3824,43,16,9,3.0,0
3825,43,16,10,2.0,0
3826,43,16,11,1.0,0
3827,43,16,12,1.0,0
3828,43,16,13,1.0,0
3829,43,16,,0.0,0
3830,43,16,,0.0,0
3831,43,16,,0.0,0
3832,44,16,1,168.0,10
3833,44,16,2,84.0,5
3834,44,16,3,72.0,1
3835,44,16,4,28.0,0
3836,44,16,5,23.0,0
3837,44,16,6,12.0,0
3838,44,16,7,12.0,0
3839,44,16,8,7.0,0
3840,44,16,9,4.0,0
3841,44,16,10,3.0,0
3842,44,16,11,3.0,0
3843,44,16,,0.0,0
3844,44,16,,0.0,0
3845,45,16,1,118.0,7
3846,45,16,2,103.0,8
3847,45,16,3,71.0,1
3848,45,16,4,42.0,0
3849,45,16,5,28.0,0
3850,45,16,6,13.0,0
3851,45,16,7,13.0,0
3852,45,16,8,12.0,0
3853,45,16,9,9.0,0
3854,45,16,10,5.0,0
3855,45,16,11,2.0,0
3856,45,16,,0.0,0
3857,45,16,,0.0,0
3858,45,16,,0.0,0
3859,46,17,1,147.0,11
3860,46,17,2,118.0,5
3861,46,17,3,73.0,1
3862,46,17,4,30.0,0
3863,46,17,5,24.0,0
3864,46,17,6,21.0,0
3865,46,17,7,18.0,0
3866,46,17,8,5.0,0
3867,46,17,9,5.0,0
3868,46,17,10,1.0,0
3869,46,17,,0.0,0
3870,46,17,,0.0,0
3871,46,17,,0.0,0
3872,47,16,1,175.0,12
3873,47,16,2,70.0,3
3874,47,16,3,68.0,0
3875,47,16,4,49.0,0
3876,47,16,5,22.0,0
3877,47,16,6,15.0,1
3878,47,16,7,11.0,0
3879,47,16,8,5.0,0
3880,47,16,9,1.0,0
3881,47,16,,0.0,0
3882,47,16,,0.0,0
3883,48,17,1,123.0,8
3884,48,17,2,102.0,5
3885,48,17,3,67.0,1
3886,48,17,4,63.0,3
3887,48,17,5,33.0,0
3888,48,17,6,21.0,0
3889,48,17,7,16.0,0
3890,48,17,8,9.0,0
3891,48,17,9,6.0,0
3892,48,17,10,2.0,0
3893,48,17,,0.0,0
3894,48,17,,0.0,0
3895,49,16,1,156.0,9
3896,49,16,2,133.0,6
3897,49,16,3,38.0,0
3898,49,16,4,34.0,1
3899,49,16,5,33.0,0
3900,49,16,6,10.0,0
3901,49,16,7,6.0,0
3902,49,16,8,5.0,0
3903,49,16,9,1.0,0
3904,49,16,,0.0,0
3905,49,16,,0.0,0
3906,50,16,1,128.0,6
3907,50,16,2,124.0,7
3908,50,16,3,61.0,2
3909,50,16,4,36.0,1
3910,50,16,5,35.0,0
3911,50,16,6,16.0,0
3912,50,16,7,9.0,0
3913,50,16,8,5.0,0
3914,50,16,9,1.0,0
3915,50,16,10,1.0,0
3916,50,16,,0.0,0
3917,51,17,1,170.0,10
3918,51,17,2,162.0,7
3919,51,17,3,36.0,0
3920,51,17,4,20.0,0
3921,51,17,5,20.0,0
3922,51,17,6,17.0,0
3923,51,17,7,7.0,0
3924,51,17,8,6.0,0
3925,51,17,9,4.0,0
3926,51,17,,0.0,0
3927,51,17,,0.0,0
3928,52,17,1,179.0,9
3929,52,17,2,102.0,4
3930,52,17,3,80.0,4
3931,52,17,4,21.0,0
3932,52,17,5,19.0,0
3933,52,17,6,17.0,0
3934,52,17,7,10.0,0
3935,52,17,8,9.0,0
3936,52,17,9,4.0,0
3937,52,17,10,1.0,0
3938,52,17,,0.0,0
3939,53,17,1,221.0,15
3940,53,17,2,92.0,1
3941,53,17,3,65.0,1
3942,53,17,4,23.0,0
3943,53,17,5,11.0,0
3944,53,17,6,9.0,0
3945,53,17,7,8.0,0
3946,53,17,8,7.0,0
3947,53,17,9,2.0,0
3948,53,17,10,2.0,0
3949,53,17,11,2.0,0
3950,54,16,1,158.0,8
3951,54,16,2,144.0,4
3952,54,16,3,142.0,2
3953,54,16,4,88.0,1
3954,54,16,5,26.0,0
3955,54,16,6,19.0,0
3956,54,16,7,18.0,0
3957,54,16,8,16.0,0
3958,54,16,9,13.0,1
3959,54,16,10,0.0,0
3960,55,18,1,262.0,15
3961,55,18,2,119.0,0
3962,55,18,3,105.0,1
3963,55,18,4,88.0,1
3964,55,18,5,69.0,1
3965,55,18,6,34.0,0
3966,55,18,7,10.0,0
3967,55,18,8,9.0,0
3968,55,18,9,5.0,0
3969,55,18,10,1.0,0
3970,56,19,1,191.0,8
3971,56,19,2,182.0,10
3972,56,19,3,100.0,1
3973,56,19,4,88.0,0
3974,56,19,5,66.0,0
3975,56,19,6,38.0,0
3976,56,19,7,34.0,0
3977,56,19,8,20.0,0
3978,56,19,9,12.0,0
3979,56,19,10,7.0,0
3980,57,18,1,206.0,8
3981,57,18,2,201.0,9
3982,57,18,3,110.0,0
3983,57,18,4,86.0,1
3984,57,18,5,36.0,0
3985,57,18,6,35.0,0
3986,57,18,7,16.0,0
3987,57,18,8,11.0,0
3988,57,18,9,1.0,0
3989,57,18,10,0.0,0
3990,57,18,11,0.0,0
3991,57,18,12,0.0,0
3992,58,17,1,204.0,9
3993,58,17,2,101.0,0
3994,58,17,3,51.0,0
3995,58,17,4,33.0,0
3996,58,17,5,24.0,0
3997,58,17,6,13.0,0
3998,58,17,7,8.0,0
3999,58,17,8,6.0,0
4000,58,17,9,4.0,0
4001,58,17,10,1.0,0
4002,58,17,,0.0,8
4003,59,18,1,172.0,8
4004,59,18,2,151.0,6
4005,59,18,3,135.0,1
4006,59,18,4,80.0,2
4007,59,18,5,56.0,0
4008,59,18,6,39.0,1
4009,59,18,7,29.0,0
4010,59,18,8,26.0,0
4011,59,18,9,14.0,0
4012,59,18,10,0.0,0
4013,59,18,11,0.0,0
4014,60,17,1,172.0,8
4015,60,17,2,153.5,6
4016,60,17,3,71.0,2
4017,60,17,4,70.0,1
4018,60,17,5,59.5,0
4019,60,17,6,36.0,0
4020,60,17,7,34.5,0
4021,60,17,8,26.0,0
4022,60,17,9,13.0,0
4023,60,17,10,8.0,0
4024,61,19,1,498.0,9
4025,61,19,2,454.0,5
4026,61,19,3,396.0,5
4027,61,19,4,214.0,0
4028,61,19,5,163.0,0
4029,61,19,6,69.0,0
4030,61,19,7,68.0,0
4031,61,19,8,44.0,0
4032,61,19,9,13.0,0
4033,61,19,10,0.0,0
4034,61,19,11,0.0,0
4035,61,19,12,0.0,0
4036,62,19,1,650.0,12
4037,62,19,2,497.0,6
4038,62,19,3,375.0,1
4039,62,19,4,165.0,0
4040,62,19,5,73.0,0
4041,62,19,6,69.0,0
4042,62,19,7,44.0,0
4043,62,19,8,41.0,0
4044,62,19,9,5.0,0
4045,62,19,10,0.0,0
4046,62,19,11,0.0,0
4047,62,19,12,0.0,0
4048,63,20,1,460.0,7
4049,63,20,2,400.0,3
4050,63,20,3,378.0,7
4051,63,20,4,303.0,1
4052,63,20,5,142.0,1
4053,63,20,6,126.0,0
4054,63,20,7,109.0,0
4055,63,20,8,76.0,1
4056,63,20,9,26.0,0
4057,63,20,10,0.0,0
4058,63,20,11,0.0,0
4059,63,20,12,0.0,0
4060,64,19,1,596.0,13
4061,64,19,2,360.0,3
4062,64,19,3,354.0,2
4063,64,19,4,315.0,1
4064,64,19,5,122.0,0
4065,64,19,6,77.0,0
4066,64,19,7,57.0,0
4067,64,19,8,33.0,0
4068,64,19,9,5.0,0
4069,64,19,10,0.0,0
4070,64,19,11,0.0,0
4071,65,19,1,701.0,16
4072,65,19,2,405.0,3
4073,65,19,3,320.0,0
4074,65,19,4,216.0,0
4075,65,19,5,181.0,0
4076,65,19,6,155.0,0
4077,65,19,7,30.0,0
4078,65,19,8,10.0,0
4079,65,19,9,2.0,0
4080,65,19,10,0.0,0
4081,65,19,11,0.0,0
4082,66,19,1,703.0,16
4083,66,19,2,428.0,3
4084,66,19,3,257.0,0
4085,66,19,4,187.0,0
4086,66,19,5,136.0,0
4087,66,19,6,78.0,0
4088,66,19,7,67.0,0
4089,66,19,8,36.0,0
4090,66,19,9,27.0,0
4091,66,19,10,0.0,0
4092,67,21,1,765.0,19
4093,67,21,2,468.0,2
4094,67,21,3,398.0,0
4095,67,21,4,173.0,0
4096,67,21,5,138.0,0
4097,67,21,6,76.0,0
4098,67,21,7,63.0,0
4099,67,21,8,29.0,0
4100,67,21,9,8.0,0
4101,67,21,10,2.0,0
4102,67,21,11,1.0,0
4103,68,20,1,668.0,12
4104,68,20,2,522.0,5
4105,68,20,3,368.0,3
4106,68,20,4,187.0,0
4107,68,20,5,83.0,0
4108,68,20,6,57.0,0
4109,68,20,7,53.0,0
4110,68,20,8,47.0,0
4111,68,20,9,30.0,0
4112,68,20,10,5.0,0
4113,69,21,1,655.0,11
4114,69,21,2,571.0,6
4115,69,21,3,419.0,4
4116,69,21,4,122.0,0
4117,69,21,5,111.0,0
4118,69,21,6,93.0,0
4119,69,21,7,62.0,0
4120,69,21,8,48.0,0
4121,69,21,9,33.0,0
4122,69,21,10,7.0,0
4123,70,21,1,739.0,15
4124,70,21,2,504.0,3
4125,70,21,3,417.0,3
4126,70,21,4,145.0,0
4127,70,21,5,91.0,0
4128,70,21,6,85.0,0
4129,70,21,7,73.0,0
4130,70,21,8,57.0,0
4131,70,21,9,28.0,0
4132,70,21,10,1.0,0
4133,71,17,1,573.0,13
4134,71,17,2,319.0,2
4135,71,17,3,202.0,0
4136,71,17,4,195.0,1
4137,71,17,5,181.0,0
4138,71,17,6,131.0,0
4139,71,17,7,107.0,1
4140,71,17,8,8.0,0
4141,71,17,9,3.0,0
4142,71,17,10,0.0,0
4143,72,22,1,613.5,9
4144,72,22,2,585.5,11
4145,72,22,3,323.5,0
4146,72,22,4,275.0,1
4147,72,22,5,155.0,1
4148,72,22,6,142.0,0
4149,72,22,7,77.0,0
4150,72,22,8,23.0,0
4151,72,22,9,13.0,0
4152,72,22,10,0.0,0
4153,73,22,1,759.0,17
4154,73,22,2,554.0,4
4155,73,22,3,515.0,1
4156,73,22,4,173.0,0
4157,73,22,5,159.0,0
4158,73,22,6,55.0,0
4159,73,22,7,55.0,0
4160,73,22,8,37.0,0
4161,73,22,9,35.0,0
4162,73,22,10,8.0,0
4163,74,22,1,860.0,21
4164,74,22,2,409.0,0
4165,74,22,3,406.0,1
4166,74,22,4,302.0,0
4167,74,22,5,280.0,0
4168,74,22,6,120.0,0
4169,74,22,7,28.0,0
4170,74,22,8,25.0,0
4171,74,22,9,16.0,0
4172,74,22,10,12.0,0
4173,75,24,1,666.0,6
4174,75,24,2,652.0,5
4175,75,24,3,589.0,9
4176,75,24,4,468.0,4
4177,75,24,5,94.0,0
4178,75,24,6,65.0,0
4179,75,24,7,58.0,0
4180,75,24,8,46.0,0
4181,75,24,9,17.0,0
4182,75,24,10,4.0,0
4183,76,21,1,756.0,14
4184,76,21,2,398.0,2
4185,76,21,3,366.0,5
4186,76,21,4,362.0,0
4187,76,21,5,111.0,0
4188,76,21,6,82.0,0
4189,76,21,7,72.0,0
4190,76,21,8,70.0,0
4191,76,21,9,62.0,0
4192,76,21,10,22.0,0
